H2S,TVOC,CO,SO2,NOx,RH,T,H2S(GT),TVOC(GT),CO(GT),SO2(GT),NOx(GT)
1991,1704,1612,1419,776,65.2,25.8,2.32,2.5,0.51,4.1,13.5
2203,2053,2024,1544,820,60.8,32.8,2.32,2.5,0.41,5,10.7
2272,2194,2177,1622,851,52.5,36.7,2.36,2.55,0.38,4.6,10
2310,2288,2298,1582,894,41.9,43.1,2.36,2.59,0.38,4.7,13.8
2322,2291,2318,1566,899,39.7,42.8,2.45,2.64,0.42,4.4,18.7
2307,2273,2291,1563,909,39.6,40.8,2.84,2.95,0.46,3.6,25.1
2306,2288,2298,1562,909,37.7,42.4,2.66,2.79,0.6,3,17.4
2300,2283,2288,1554,913,36.1,43.5,2.35,2.48,0.65,4.9,22.4
2143,2052,2021,1475,897,35,42.3,2.27,2.4,0.59,5.3,19.8
2044,1871,1842,1385,859,35.9,40.3,2.19,2.28,0.58,5.3,16.4
1933,1696,1629,1324,784,43.4,31.3,2.17,2.26,0.45,5.2,12.3
1911,1656,1574,1320,768,46.7,29.5,2.17,2.25,0.42,4.5,14
1909,1644,1555,1325,751,51.5,28,2.2,2.25,0.38,4,9.2
1905,1632,1533,1326,744,52.5,27.6,2.18,2.23,0.38,3.7,10.6
1939,1675,1589,1341,737,53.4,27.5,2.16,2.21,0.36,3.4,13
1954,1685,1600,1342,739,53.6,28.3,2.15,2.2,0.32,3.2,14.3
1871,1573,1438,1341,750,53.8,28.2,2.2,2.25,0.35,3.6,21.3
1962,1680,1589,1344,749,55.1,27.6,2.16,2.22,0.38,3.7,26.1
1936,1646,1535,1333,746,56,27.4,2.17,2.24,0.42,3.5,28.5
1915,1605,1496,1322,739,59.2,25.5,2.18,2.3,0.4,3.7,14.9
1911,1607,1489,1313,722,60.3,25.3,2.25,2.38,0.41,3.9,19.1
1921,1605,1489,1324,731,60.9,25.6,2.29,2.41,0.42,3.9,22.6
1905,1585,1458,1314,725,61.2,25.4,2.33,2.45,0.06,4,14.9
1834,1484,1327,1301,726,61.7,25,2.38,2.51,0.06,4,15
2017,1778,1658,1472,781,63.2,28,2.41,2.53,0.17,4.4,15.7
2094,1925,1830,1519,773,54.4,33.5,2.47,2.63,0.41,3.3,14.3
2145,2038,1968,1531,831,45.3,38.5,2.56,2.71,0.51,2.9,15.3
2196,2120,2074,1534,851,42.6,39.9,2.64,2.8,0.62,3.4,18.9
2064,1935,1859,1454,848,39.1,39.5,2.81,2.95,0.51,3.3,18.6
2012,1850,1757,1413,832,38.6,38.2,3.29,3.46,0.61,3.5,21.4
1992,1824,1732,1387,804,37.6,37.2,3.23,3.41,0.59,3.2,27.9
1965,1773,1677,1356,789,36.2,37,2.93,3.14,0.85,3.4,31.3
1893,1655,1535,1297,777,36.1,35.5,2.67,2.88,0.95,4.8,34.6
1738,1412,1269,1170,736,37.8,29.3,2.48,2.62,0.46,4.5,24.7
1678,1326,1163,1136,720,40,26,2.23,2.31,0.28,3.3,17.5
1628,1248,1069,1104,688,43.3,22.6,2.23,2.32,0.52,3.9,16.5
1630,1243,1059,1099,686,44.2,22,2.23,2.33,0.52,2.3,15.9
1636,1233,1054,1107,668,45.5,21.4,2.2,2.29,0.46,2.8,13.9
1628,1220,1036,1097,661,45.4,21.1,2.19,2.29,0.43,2.2,16.1
1624,1216,1021,1092,656,45.7,20.7,2.19,2.29,0.41,1.8,12.5
1621,1203,1009,1098,647,45.8,20.5,2.21,2.31,0.35,2.7,12.8
1621,1201,1005,1094,645,45.8,20.4,2.24,2.36,0.35,3.2,12.8
1631,1200,1006,1103,629,46.2,20.6,2.25,2.37,0.46,3.1,16.6
1628,1201,1006,1102,623,46.1,20.7,2.26,2.38,0.52,3,13.6
1630,1201,1005,1093,626,46.2,20.6,2.27,2.39,0.27,3.2,13.5
1634,1200,1005,1094,624,46.3,20.5,2.27,2.39,0.25,3.2,11.6
1633,1200,1004,1096,628,47.6,19.7,2.25,2.36,0.39,3.2,11.7
1634,1199,1002,1104,635,47.5,20,2.22,2.32,0.41,2.5,10.6
1665,1231,1040,1125,633,47.2,20.3,2.21,2.3,0.37,2.2,11.9
1804,1427,1257,1255,656,48,22.7,2.22,2.3,0.4,2.3,35.8
1866,1535,1393,1303,670,45.5,27.3,2.2,2.29,0.38,1.7,9.1
1886,1596,1447,1313,688,38.8,31.5,2.18,2.27,0.37,1.8,9.1
1939,1697,1572,1348,706,37.3,33,2.16,2.25,0.37,1.5,8.5
1892,1615,1464,1311,716,34.7,35.9,2.17,2.26,0.32,1.3,9.7
1826,1515,1364,1254,702,34,34.8,2.15,2.24,0.3,0.8,8.3
1760,1405,1240,1211,689,36.6,30.5,2.17,2.25,0.29,1.3,9.8
1734,1366,1201,1195,683,37.6,28.9,2.18,2.26,0.31,1.4,10.6
1725,1354,1181,1178,675,38.9,27.4,2.18,2.26,0.35,1.9,11.6
1708,1319,1143,1164,666,41.1,25.2,2.21,2.29,0.34,2.5,9.7
1697,1296,1124,1161,656,41.8,24.6,2.21,2.29,0.4,2.1,20.3
1685,1274,1090,1147,640,43.3,23.6,2.22,2.3,0.37,2.6,10.9
1682,1265,1079,1141,635,43.7,23.4,2.2,2.28,0.35,2.5,14.3
1691,1269,1083,1156,623,44.8,23,2.2,2.27,0.35,2.3,10.2
1711,1289,1106,1152,617,45.2,22.9,2.19,2.27,0.36,2.7,10.9
1711,1290,1104,1166,614,45.6,22.9,2.22,2.3,0.28,2.4,11.2
1692,1264,1072,1164,615,46.2,22.5,2.2,2.29,0.33,2.4,11.1
1690,1261,1072,1139,618,46.6,22.3,2.19,2.29,0.34,2.1,13.2
1711,1280,1093,1166,610,47.4,22.2,2.2,2.3,0.39,2,13.5
1708,1272,1086,1161,608,47.7,22.3,2.22,2.31,0.39,1.7,21.4
1707,1270,1084,1167,603,48.2,22.3,2.24,2.33,0.43,1.8,22.2
1684,1246,1055,1151,602,48.7,22.2,2.27,2.36,0.42,1.8,15.5
1802,1390,1213,1231,598,51.1,20.6,2.26,2.35,0.39,1.7,18.7
1862,1490,1330,1295,617,52.2,23.5,2.24,2.34,0.35,2,12.9
1928,1616,1459,1360,633,46.7,28.1,2.28,2.37,0.34,1.9,13.7
2056,1854,1744,1424,679,40.5,34.4,2.34,2.43,0.34,1.9,14.3
2062,1881,1786,1421,683,36.9,37.8,2.28,2.39,0.31,1.9,14.9
2047,1880,1790,1406,727,34.2,39.1,2.29,2.4,0.32,2.1,14.6
1997,1808,1702,1382,737,34.1,38.5,2.38,2.49,0.33,1.9,16.5
1999,1805,1693,1394,752,34.9,37.4,2.43,2.57,0.37,1.4,16.9
1904,1642,1501,1344,758,34.4,38.2,2.41,2.56,0.47,1.7,22.1
1792,1463,1304,1261,745,38.3,32.6,2.36,2.5,0.47,2.8,47.7
1756,1400,1233,1230,731,41.3,29.8,2.37,2.51,0.53,3.8,27.2
1752,1386,1219,1229,716,44.2,27.5,2.29,2.48,0.54,3.8,21.3
1754,1382,1208,1230,701,48.4,26,2.18,2.38,0.5,3.4,13.2
1763,1385,1214,1232,694,50,25.6,2.16,2.34,0.48,3.2,10.5
1762,1376,1200,1223,666,52.5,24.9,2.14,2.21,0.42,3.4,11.9
1751,1357,1179,1219,655,53.8,24.4,2.1,2.17,0.39,2.3,12.2
1738,1338,1152,1211,646,55.7,23.6,2.1,2.17,0.37,2.4,9.1
1745,1343,1160,1213,641,56.9,23.2,2.08,2.13,0.38,2.4,14.4
1775,1373,1197,1233,645,58.4,22.7,2.09,2.16,0.42,2.4,18.3
1797,1399,1221,1247,635,58.7,23.8,2.1,2.16,0.41,2.7,14.5
1797,1395,1216,1249,627,59.2,23.5,2.15,2.21,0.45,2.7,15.9
1819,1426,1256,1258,624,59.2,24,2.15,2.24,0.5,2.6,27.8
1821,1430,1261,1273,624,59.2,24.5,2.18,2.28,0.48,3.1,25.1
1783,1376,1187,1255,619,59.3,24.7,2.29,2.39,0.48,2.6,17.8
1797,1402,1213,1264,620,59.6,24.6,2.37,2.49,0.51,2.1,17.3
1866,1501,1335,1310,637,59,25.8,2.39,2.57,0.45,1.9,23.6
1890,1539,1386,1341,642,57.8,27.4,2.51,2.65,0.47,2,51.3
1980,1698,1552,1404,656,54.2,29.4,2.36,2.52,0.38,1.9,32
2086,1895,1783,1467,697,47.8,34,2.46,2.64,0.6,2.4,24.2
2085,1908,1807,1455,709,43.5,37.9,2.35,2.46,0.51,2.6,35.4
2058,1868,1761,1428,730,39.1,38.8,2.31,2.44,0.39,2.1,29
2004,1795,1676,1409,737,40,38.3,2.28,2.39,0.35,1.7,28.7
1886,1614,1467,1312,736,39.9,35.4,2.19,2.27,0.37,1.9,20.8
1850,1557,1403,1286,727,41.3,33.3,2.16,2.26,0.46,2.1,26.8
1792,1460,1298,1243,704,44.8,30,2.16,2.3,0.38,2,33.7
1777,1437,1268,1236,697,46.5,28.4,2.14,2.28,0.37,1.4,25.6
1756,1410,1232,1216,684,48.2,27.4,2.13,2.29,0.37,2.4,26.7
1759,1394,1215,1210,658,49.6,26.3,2.11,2.24,0.31,2.6,16.7
1736,1363,1180,1192,651,50.1,25.7,2.11,2.25,0.29,3.6,12.9
1727,1347,1162,1187,631,51.4,24.4,2.1,2.19,0.28,2.2,11.8
1711,1329,1138,1168,626,51.5,24,2.13,2.23,0.26,2.6,13.5
1746,1371,1195,1167,622,51.9,23.6,2.12,2.22,0.32,2.6,13.8
1743,1360,1183,1166,610,51.7,23.5,2.12,2.23,0.35,2.7,13.8
1722,1330,1151,1142,599,51.5,23.3,2.14,2.24,0.34,2.7,21.1
1703,1305,1118,1135,592,54.7,21.3,2.15,2.27,0.44,2.6,24.9
1711,1306,1119,1139,592,55,21,2.15,2.27,0.33,2.1,29.6
1697,1282,1089,1136,579,56.6,20.5,2.18,2.31,0.32,1,21.7
1710,1298,1107,1144,579,57.1,20.6,2.16,2.28,0.29,2,18.9
1726,1321,1136,1156,576,57.3,20.7,2.17,2.29,0.27,2.4,17.3
1744,1345,1155,1186,576,57.7,20.7,2.17,2.27,0.43,2.1,25.5
1731,1332,1137,1199,567,55.4,23.4,2.18,2.28,0.44,2.4,35.7
1764,1368,1187,1189,569,53.3,23.6,2.17,2.29,0.33,2.1,18.3
1773,1380,1199,1219,571,55.1,23.5,2.17,2.29,0.4,1.8,18.5
1857,1495,1336,1268,574,53.7,24.8,2.14,2.25,0.38,1.7,18
1840,1480,1319,1259,577,53,26.9,2.15,2.26,0.41,1.4,20.7
1787,1419,1236,1236,577,49.1,28.5,2.13,2.21,0.31,1.7,19.9
1760,1378,1194,1210,567,47.7,27.4,2.16,2.24,0.47,1.6,27.9
1750,1361,1177,1203,551,50.5,25.1,2.14,2.25,0.41,1.6,24.9
1742,1348,1164,1187,546,50.7,25,2.14,2.26,0.38,1.7,24.7
1714,1316,1132,1154,531,50.2,24,2.15,2.32,0.43,1.5,26.5
1713,1315,1131,1155,531,50.5,23.3,2.13,2.34,0.4,1.9,21.3
1726,1331,1156,1136,525,50.9,22.8,2.14,2.37,0.51,2,19.2
1714,1315,1137,1138,511,51.5,22.1,2.13,2.35,0.42,1.9,16.9
1712,1311,1133,1136,527,51.6,22,2.13,2.38,0.43,2.4,25.6
1712,1308,1125,1129,523,51.5,21.6,2.12,2.39,0.45,2.2,28.8
1711,1302,1118,1132,527,51.7,21.4,2.13,2.29,0.44,1.8,28.1
1706,1297,1108,1122,524,52,21.1,2.12,2.27,0.44,1.8,21.7
1691,1276,1089,1130,511,52.1,21.1,2.11,2.24,0.42,1.6,24.2
1687,1268,1075,1122,511,52.2,21,2.14,2.28,0.52,1.2,18
1700,1283,1096,1116,509,52,20.9,2.17,2.28,0.47,1.3,20.1
1713,1305,1124,1109,499,52,20.7,2.18,2.31,0.46,1.4,15.5
1679,1254,1058,1113,499,52,20.7,2.18,2.3,0.42,1.5,17.9
1676,1246,1047,1110,494,51.8,20.6,2.19,2.31,0.48,2.4,14.1
1719,1305,1111,1146,490,51.4,21.4,2.19,2.3,0.45,2.7,18.2
1739,1329,1139,1173,495,50.7,22.5,2.16,2.26,0.33,2.6,14.3
1742,1343,1154,1179,494,47.6,24.6,2.16,2.25,0.28,2.8,21.8
1739,1337,1149,1171,484,46.4,24.8,2.14,2.23,0.24,2.6,13.5
1757,1357,1176,1170,486,45.7,25,2.12,2.19,0.4,2.9,32
1729,1327,1137,1152,481,44.8,25,2.15,2.23,0.25,2.6,16.3
1740,1344,1170,1118,471,44.7,24.4,2.15,2.22,0.24,2.8,28.3
1729,1321,1136,1137,464,49.6,22.3,2.16,2.24,0.29,2.5,19.9
1732,1324,1137,1137,462,48.1,22.9,2.18,2.28,0.36,2.7,22.2
1709,1295,1118,1113,450,48,22.3,2.18,2.27,0.32,2.7,29.1
1694,1281,1102,1093,445,47.9,21.5,2.18,2.28,0.35,2.5,28.1
1665,1247,1066,1061,439,48,20.3,2.17,2.28,0.38,2.7,26.1
1651,1232,1047,1057,439,48,19.7,2.17,2.29,0.35,2.4,27.4
1647,1223,1037,1046,438,48,19.3,2.19,2.31,0.44,2.3,21.3
1629,1200,1007,1030,426,48.2,18.4,2.2,2.33,0.38,2.3,34.6
1620,1195,996,1023,426,48.2,18.1,2.18,2.31,0.37,2.5,25.9
1638,1210,1022,1029,428,48.5,17.8,2.18,2.33,0.41,2.6,27
1628,1199,1007,1025,427,48.2,17.8,2.2,2.39,0.48,2.7,22.3
1630,1197,1001,1033,419,48,17.6,2.17,2.34,0.43,2.8,21.3
1616,1181,980,1016,410,47.9,17.5,2.15,2.29,0.34,2.8,22.2
1631,1194,1004,1005,407,47.7,17.4,2.12,2.25,0.29,2.9,21.2
1609,1168,976,1001,400,47.3,17.2,2.12,2.24,0.26,2.7,19.1
1601,1156,958,994,395,47.1,17,2.12,2.23,0.25,2.6,21.8
1615,1168,975,1003,389,46.9,16.8,2.12,2.22,0.29,2.6,14.1
1698,1270,1100,1041,385,46.8,17,2.12,2.21,0.29,2.3,15
1674,1242,1056,1076,400,44.5,20.9,2.13,2.22,0.38,2.6,28.6
1667,1233,1041,1072,394,43.6,20.9,2.13,2.22,0.29,2.8,34.6
1715,1288,1100,1113,400,43.1,21.1,2.12,2.21,0.31,2.5,17.6
1781,1384,1199,1176,409,43.1,23.1,2.08,2.16,0.29,2.6,16.8
1762,1365,1188,1168,418,41,26.4,2.12,2.2,0.28,2.7,33
1800,1408,1234,1180,421,39.2,25.6,2.12,2.21,0.26,3,26
1778,1392,1215,1169,419,40,27,2.14,2.24,0.39,2.9,18.6
1725,1317,1138,1116,406,37.2,27.7,2.15,2.27,0.43,3,23
1658,1242,1060,1041,399,36.7,26,2.15,2.29,0.35,2.9,22.5
1652,1230,1057,1003,381,39.6,20.6,2.14,2.27,0.33,2.9,33.5
1648,1227,1052,1002,375,40.3,19.9,2.13,2.28,0.38,3.4,41.9
1628,1200,1011,1002,368,41.1,19.3,2.12,2.27,0.36,3,23.5
1628,1199,1008,997,359,41.3,19.2,2.13,2.3,0.45,2.9,32.8
1630,1200,1008,993,359,41.5,19,2.15,2.33,0.4,3.1,36
1648,1218,1040,995,350,42,18.6,2.12,2.28,0.38,3.1,44
1653,1223,1042,1002,350,42.3,18.5,2.13,2.29,0.4,3,42.3
1661,1227,1042,1015,351,43.1,18.5,2.13,2.29,0.41,3,27.2
1648,1211,1018,1012,351,43.5,18.4,2.12,2.27,0.44,3.1,22.6
1651,1215,1022,1019,351,44.1,18.5,2.13,2.27,0.44,3,26.8
1657,1214,1022,1020,349,44.5,18.5,2.14,2.28,0.38,2.9,37.4
1658,1215,1021,1020,346,44.7,18.4,2.14,2.28,0.42,3,30.7
1666,1224,1035,1039,346,45.8,18.2,2.14,2.29,0.43,3.4,29.5
1656,1206,1006,1043,345,46.2,18.4,2.14,2.3,0.43,3.6,25.8
1711,1268,1080,1093,355,46.8,19.1,2.18,2.34,0.4,3.6,29.9
1726,1286,1093,1107,366,45.9,20.5,2.2,2.37,0.39,3.7,25.8
1793,1370,1185,1168,384,45.3,23.6,2.18,2.36,0.39,3.6,20.4
1825,1410,1228,1203,393,44.3,24.8,2.25,2.46,0.5,3.9,26
1811,1408,1220,1212,410,42,27.7,2.19,2.36,0.43,3.6,26.7
1807,1409,1218,1219,418,41.9,27.8,2.23,2.42,0.42,3.5,19.3
1807,1419,1230,1226,432,41.9,28.1,2.29,2.47,0.42,3.3,33.3
1758,1365,1178,1182,452,40.7,28.1,2.31,2.48,0.45,3.2,35.2
1752,1358,1169,1173,464,40.8,27.4,2.28,2.47,0.46,4.3,29.6
1728,1321,1133,1139,470,42.2,25.5,2.27,2.46,0.49,4.9,28.7
1740,1333,1151,1136,466,43.4,24.4,2.31,2.52,0.53,4.2,39.1
1744,1347,1177,1128,470,45.3,23.4,2.34,2.53,0.54,3.7,38.4
1730,1321,1137,1126,468,45.8,23.1,2.25,2.38,0.53,3.2,24.3
1740,1327,1139,1127,459,46.6,22.6,2.24,2.36,0.49,3.6,18.8
1737,1316,1130,1126,453,46.9,22.5,2.18,2.28,0.43,4.2,13.8
1738,1323,1134,1126,443,47.2,22.5,2.16,2.24,0.42,3.7,14.5
1728,1311,1118,1126,437,48.4,22.2,2.16,2.25,0.44,3.3,14.9
1719,1296,1100,1134,446,49.3,22,2.2,2.32,0.47,2.9,14.6
1715,1296,1091,1134,453,50.8,21.7,2.2,2.31,0.46,2.4,15.3
1713,1287,1086,1126,451,51.6,21.5,2.24,2.37,0.59,2.6,19.8
1711,1281,1081,1135,463,53,21.1,2.24,2.4,0.53,2.9,22.8
1707,1276,1075,1141,464,53.6,21.1,2.26,2.43,0.56,3.2,41.9
1699,1267,1065,1137,462,54.1,21,2.28,2.46,0.55,3.1,31.2
1709,1280,1082,1139,464,54.7,20.7,2.24,2.4,0.53,3,24.5
1719,1296,1098,1150,465,54.9,20.8,2.24,2.36,0.41,3,21.1
1841,1455,1263,1281,478,55.4,21.7,2.24,2.35,0.34,3.1,21.4
1924,1595,1425,1331,499,51.1,27.5,2.2,2.31,0.33,2.9,21.1
1969,1706,1559,1360,567,42.7,34,2.19,2.27,0.32,2.9,14.8
1948,1686,1535,1341,579,39.4,35.4,2.12,2.18,0.29,2.8,26.8
1906,1621,1468,1304,609,37.5,35,2.13,2.19,0.26,2.9,30.7
1900,1615,1457,1298,611,37.5,34.2,2.13,2.18,0.34,3.1,17.1
1853,1548,1391,1263,615,36.7,34.5,2.12,2.17,0.26,3.1,31.6
1740,1395,1229,1160,590,37.2,30.5,2.13,2.19,0.27,3.2,34.5
1672,1298,1125,1086,576,37.7,28.3,2.11,2.17,0.33,3.7,34.8
1636,1249,1074,1038,539,42,21.5,2.11,2.16,0.29,3.8,13
1646,1257,1077,1048,537,43.6,20.3,2.1,2.15,0.28,4.2,13.5
1632,1232,1047,1034,498,44.1,20.3,2.09,2.13,0.27,5,9.4
1629,1228,1040,1012,489,44.3,19.7,2.07,2.11,0.26,4.2,13.8
1629,1218,1038,998,459,46.1,18,2.07,2.11,0.26,3.9,13.1
1641,1232,1055,1001,455,47.1,17.5,2.07,2.13,0.29,3.4,11.6
1636,1220,1040,1006,448,48.1,17.2,2.09,2.16,0.31,3,16.8
1628,1206,1014,999,438,49.4,16.7,2.11,2.2,0.31,3,19.6
1620,1194,999,999,431,49.8,16.5,2.12,2.22,0.3,3,16.3
1621,1195,998,987,421,50.6,16,2.13,2.22,0.3,3.3,30.7
1614,1179,976,983,419,50.9,15.8,2.13,2.23,0.29,3.3,23.4
1611,1171,971,987,401,51.3,15.6,2.13,2.24,0.36,3.4,32.5
1616,1176,976,991,403,51.2,15.6,2.16,2.27,0.36,3.3,20.1
1680,1245,1054,1053,406,51.8,15.5,2.17,2.29,0.37,1.8,21.8
1756,1338,1145,1135,418,53.6,17.4,2.21,2.32,0.4,1.2,21.1
1816,1421,1236,1204,432,48.5,22.2,2.24,2.34,0.4,1.6,23.2
1891,1572,1404,1269,475,41.5,28.8,2.26,2.36,0.39,1.5,19.5
1938,1651,1501,1296,498,38.3,31.8,2.24,2.34,0.36,1.6,25.4
1952,1693,1556,1298,545,35.2,34.5,2.2,2.29,0.32,1.7,25.7
1943,1676,1527,1299,560,34.5,35.1,2.21,2.31,0.34,1.5,23
1957,1708,1566,1309,574,33.7,36.2,2.27,2.38,0.47,1.8,21.5
1922,1664,1518,1282,581,32.6,37,2.23,2.34,0.43,1.8,21.8
1869,1580,1423,1235,571,32,36.2,2.22,2.34,0.46,2.1,24.9
1705,1346,1181,1078,537,32.9,31.3,2.17,2.32,0.48,2.8,23.3
1680,1308,1146,1046,529,35.8,25.8,2.18,2.34,0.48,2.8,19.6
1648,1264,1087,1013,498,40.4,21.5,2.15,2.36,0.52,2.7,18.5
1648,1262,1086,1007,485,41.6,20.6,2.13,2.25,0.47,2.8,17.1
1627,1221,1034,990,453,43,19.4,2.12,2.25,0.41,3.2,18.8
1619,1210,1014,988,448,43.3,18.9,2.11,2.27,0.39,1.7,22
1652,1246,1071,983,428,44,18,2.13,2.27,0.47,2.3,21.8
1636,1220,1040,981,418,44.6,17.5,2.15,2.34,0.43,2.2,22.6
1649,1235,1059,980,417,45.3,17.2,2.16,2.31,0.46,1.6,17.4
1632,1211,1019,970,412,46.4,16.6,2.16,2.32,0.46,1.7,23.3
1635,1213,1024,976,400,46.8,16.4,2.17,2.32,0.46,1.9,20.9
1644,1213,1023,979,403,47.8,16.1,2.18,2.34,0.48,2.1,34.3
1664,1235,1055,977,398,48.4,16.2,2.2,2.36,0.47,1.7,35.2
1640,1204,1010,983,390,49.6,16,2.21,2.36,0.45,1.6,27
1701,1273,1099,1006,394,50.7,15.8,2.26,2.42,0.52,2.1,27.8
1779,1360,1191,1076,390,51.9,16.3,2.29,2.46,0.42,2.5,19.5
1845,1454,1282,1176,415,48.5,23.6,2.25,2.43,0.42,2.2,19.3
1853,1471,1297,1200,418,44.5,25.6,2.3,2.48,0.39,2.1,21.8
1930,1597,1425,1291,447,41.7,29.4,2.38,2.58,0.44,2.5,20.8
1895,1558,1388,1258,452,38.9,32.5,2.35,2.58,0.42,2.6,25.2
1903,1586,1429,1259,490,37.6,32.5,2.45,2.69,0.43,2.2,25.9
1869,1539,1380,1249,501,37,32.8,2.55,2.82,0.46,2.4,24.1
1841,1511,1343,1223,531,36.9,32.3,2.56,2.89,0.6,2.9,39.6
1809,1467,1291,1197,526,36.7,31.9,2.44,2.73,0.64,3.3,49
1774,1420,1244,1166,527,37.5,30.1,2.44,2.74,0.71,3.9,43.3
1747,1372,1192,1131,502,40.1,26.4,2.58,2.93,0.67,6.3,46.5
1744,1371,1191,1127,497,42.3,25.1,2.33,2.56,0.65,6.2,31
1755,1369,1187,1142,495,44.7,24.8,2.27,2.46,0.63,5.3,21.8
1761,1378,1199,1152,500,46,24.7,2.26,2.46,0.41,4.2,17.8
1745,1358,1169,1157,511,48.3,24.2,2.26,2.44,0.39,4.5,17.3
1750,1358,1168,1161,527,49.5,23.9,2.25,2.4,0.37,4.8,19.6
1752,1356,1160,1172,526,51.5,23.7,2.23,2.37,0.42,4.6,17.4
1753,1356,1156,1173,528,52.2,23.7,2.24,2.35,0.4,4.5,22.6
1759,1359,1165,1180,530,52.8,23.7,2.23,2.36,0.42,3.3,24.5
1764,1360,1162,1184,535,53.9,23.6,2.22,2.35,0.39,2.8,22.2
1769,1365,1168,1189,531,54.3,23.6,2.25,2.37,0.37,3.1,18.9
1772,1370,1176,1184,537,55.2,23.5,2.23,2.32,0.33,2.9,13.3
1791,1394,1210,1200,540,55.5,23.4,2.26,2.35,0.36,2.4,17.8
1803,1411,1224,1209,543,56.5,23.6,2.27,2.35,0.31,2.4,19.1
1826,1441,1260,1234,549,57.2,24,2.36,2.44,0.34,2.3,19.7
1836,1451,1264,1245,553,57,24.9,2.38,2.45,0.35,2.5,17.8
1869,1509,1333,1277,555,52.5,27.8,2.4,2.47,0.34,2.2,22.8
1875,1523,1351,1283,550,49.8,28.8,2.38,2.45,0.36,2.6,33.8
1962,1665,1511,1341,566,47,30.8,2.34,2.45,0.41,2.9,18.5
1957,1664,1511,1340,571,43.9,33.2,2.35,2.52,0.45,3.6,16.5
1919,1615,1454,1309,572,41.9,33.7,2.31,2.43,0.35,2,18.9
1912,1600,1442,1290,574,43.1,32.8,2.3,2.39,0.46,2,19.2
1823,1483,1308,1236,550,42.9,30.9,2.37,2.51,0.5,2.8,27.6
1799,1446,1267,1222,557,44.5,29.5,2.38,2.59,0.53,3.5,28.5
1786,1424,1246,1210,559,47.4,27.7,2.29,2.47,0.52,3.8,27.3
1776,1406,1217,1199,547,51.6,25.6,2.28,2.44,0.59,5,26.3
1793,1422,1236,1200,544,52.7,25.4,2.29,2.42,0.58,3.5,26.3
1790,1418,1232,1214,543,53.9,25.2,2.24,2.35,0.5,2.3,21.2
1799,1432,1249,1217,551,54.5,25,2.19,2.31,0.55,2.1,34.8
1793,1419,1233,1215,551,55.6,25,2.18,2.31,0.44,3,30.7
1807,1435,1255,1219,546,55.9,24.9,2.16,2.26,0.39,4.7,21.1
1775,1392,1202,1203,565,57.4,24.2,2.16,2.27,0.4,4.3,19.8
1778,1397,1205,1206,567,58.9,23.6,2.2,2.37,0.45,2.7,27.7
1799,1416,1231,1208,576,59.8,23.5,2.22,2.37,0.54,2,30.1
1806,1424,1244,1209,580,61.1,23.5,2.18,2.3,0.54,1.6,22.4
1797,1410,1228,1215,579,61.6,23.4,2.18,2.33,0.5,1.3,20.9
1786,1403,1219,1218,576,61.5,23.1,2.23,2.39,0.44,1.2,20.9
1781,1396,1209,1217,575,61.5,23.1,2.26,2.41,0.47,2.3,17.4
1838,1465,1287,1262,576,61.1,23.9,2.31,2.44,0.46,2.9,15.8
1820,1453,1270,1252,578,60,25.6,2.43,2.55,0.39,3.1,13.7
1827,1466,1286,1257,578,56.3,26.3,2.32,2.48,0.4,4.3,15
1876,1533,1362,1312,590,55.5,27.5,2.27,2.43,0.39,2.8,14.4
1838,1484,1307,1278,591,54.2,29.2,2.47,2.62,0.38,3.1,24.8
1817,1460,1289,1258,591,55.2,26.9,2.3,2.43,0.45,3.7,23.7
1826,1469,1297,1258,592,57.9,25.8,2.29,2.43,0.36,3.2,20
1855,1506,1341,1265,589,58.6,26.1,2.33,2.47,0.38,4,34.1
1844,1490,1323,1263,577,58.5,26.4,2.18,2.27,0.33,3.8,31.9
1828,1466,1296,1241,558,59.7,25.4,2.08,2.15,0.26,2.8,28.7
1811,1449,1273,1239,545,60.1,25.1,2.1,2.22,0.24,2.8,31.3
1806,1437,1258,1232,543,60.6,24.7,2.1,2.27,0.27,3.9,28.6
1800,1426,1246,1229,535,62.2,24.4,2.12,2.29,0.33,3.6,19.7
1789,1415,1231,1223,531,62.2,24.2,2.12,2.29,0.37,3.4,18.4
1773,1395,1214,1204,535,62.6,23.3,2.19,2.41,0.37,3.2,23.3
1794,1433,1266,1196,539,62.9,23,2.24,2.44,0.46,3.3,26.3
1777,1413,1245,1185,549,63.4,22.4,2.24,2.45,0.51,3.3,33.1
1776,1410,1236,1188,544,63.9,22.1,2.25,2.46,0.55,3.5,28.8
1788,1423,1255,1195,550,64,21.9,2.21,2.38,0.46,3.3,28.5
1772,1398,1228,1190,551,64.6,22.4,2.26,2.41,0.46,3.2,36.5
1765,1397,1221,1184,550,63.4,22.4,2.2,2.35,0.45,2.7,23.8
1746,1373,1199,1167,546,64.3,21.5,2.2,2.32,0.38,2.6,26.1
1752,1374,1193,1167,548,64.7,21.1,2.19,2.29,0.32,4.6,20.2
1791,1424,1258,1190,555,65,21.7,2.24,2.36,0.53,3.6,24
1805,1436,1263,1218,557,65,22.1,2.24,2.36,0.43,2.7,19.6
1863,1515,1354,1264,571,63,24.3,2.25,2.38,0.36,2.6,21.2
1960,1647,1495,1346,587,61.3,26,2.3,2.45,0.34,2.2,19
2041,1787,1650,1418,619,60,29.5,2.37,2.51,0.35,2.3,21.1
2050,1826,1704,1410,655,47.3,36.7,2.42,2.55,0.37,2.3,19.1
2039,1822,1696,1401,662,45.3,36.7,2.5,2.62,0.33,2.2,20.5
2064,1866,1743,1409,689,43,38.2,2.43,2.55,0.33,1.4,17.9
2063,1865,1744,1409,697,41,39.3,2.33,2.47,0.38,2.2,27.2
1933,1671,1522,1303,682,40.7,37.6,2.24,2.39,0.37,2,32.1
1813,1503,1344,1214,650,42.2,34.6,2.22,2.38,0.46,2.5,27.9
1737,1405,1234,1140,624,50,26,2.22,2.34,0.37,2.4,23.8
1737,1394,1223,1149,620,52.7,24.5,2.2,2.3,0.35,1.6,25
1725,1371,1192,1146,604,54.5,23.7,2.15,2.21,0.29,2.4,19.9
1730,1373,1189,1149,586,57.1,22.7,2.13,2.18,0.27,3.6,19.9
1742,1387,1206,1146,576,58.1,22.5,2.14,2.2,0.27,3,15.8
1731,1369,1181,1146,563,59.6,21.9,2.13,2.18,0.28,3.5,17.9
1755,1393,1209,1153,560,60.5,21.8,2.12,2.18,0.3,3.8,21.9
1748,1382,1194,1152,560,61.2,21.9,2.15,2.22,0.28,2.6,15.5
1752,1386,1201,1156,555,61.3,21.9,2.17,2.25,0.34,3.5,12.4
1760,1392,1206,1150,554,61.6,21.7,2.17,2.25,0.32,1.6,18.3
1776,1413,1236,1156,547,62.6,21.7,2.26,2.36,0.43,1.5,23.2
1775,1406,1221,1166,557,62.7,21.8,2.28,2.37,0.43,3.1,24.8
1769,1399,1213,1155,549,62.8,22.1,2.35,2.43,0.38,3.4,22
1779,1410,1229,1178,549,62.8,22.1,2.38,2.47,0.4,3.3,21.8
1844,1491,1317,1239,560,63.4,22.8,2.46,2.56,0.41,2.8,19.3
1846,1492,1319,1245,562,62.5,24.8,2.47,2.58,0.42,2.4,23.2
1873,1533,1371,1258,565,59.3,27.1,2.36,2.49,0.42,2.4,16.6
1887,1556,1387,1269,565,57.5,27.3,2.39,2.54,0.45,2.3,23
1902,1578,1405,1288,567,58,28.1,2.55,2.71,0.46,2.3,26.4
1904,1582,1415,1280,560,56.5,27.8,2.45,2.66,0.47,2.7,23.3
2012,1735,1586,1379,587,56.7,28.5,2.51,2.71,0.46,1.8,26.4
1907,1605,1448,1278,580,50,31.9,2.49,2.7,0.5,2.3,34.8
1883,1571,1405,1269,576,51.5,30.4,2.37,2.58,0.51,2.8,34.4
1811,1471,1291,1220,578,54.8,27.8,2.51,2.77,0.55,3.2,31.6
1813,1467,1290,1219,578,57.2,26.4,3.07,3.43,0.53,3.2,31
1787,1438,1261,1214,573,60.1,25.1,4,4.6,0.49,1.3,32.3
1812,1470,1297,1209,576,61.5,24.4,3.32,3.78,0.57,1.2,35.5
1808,1463,1291,1208,576,62.5,24.4,2.66,2.91,0.49,1.5,26.9
1779,1424,1235,1197,566,62.8,24,2.68,2.91,0.44,2.4,22.9
1777,1422,1235,1197,562,63.1,23.8,2.59,2.85,0.49,3.3,24.4
1810,1466,1296,1205,565,64.5,23.6,2.39,2.59,0.5,1.5,23
1811,1460,1287,1201,571,64.7,23.6,2.32,2.47,0.47,1.4,17.9
1797,1441,1260,1190,570,65,23,2.32,2.51,0.51,1.1,24.3
1802,1444,1262,1198,573,65.4,22.7,2.28,2.41,0.45,1,14.3
1795,1431,1245,1195,575,65.6,23.2,2.33,2.46,0.46,1.2,23.1
1809,1452,1270,1192,571,65.7,23,2.3,2.37,0.39,1.2,30
1787,1425,1240,1176,568,65.6,23,2.3,2.37,0.42,1.7,15.3
1797,1438,1252,1189,567,65.9,22.3,2.34,2.44,0.43,2.7,17.6
1847,1505,1327,1232,566,66.9,22.5,2.4,2.55,0.45,3.3,16.7
2003,1732,1581,1390,622,62.2,29.5,2.74,2.86,0.46,3,18.6
2063,1829,1684,1406,640,54.4,33.5,2.92,3.06,0.5,2.2,21.3
2101,1921,1803,1391,666,43.5,38.3,2.85,3.04,0.56,2.5,24.8
2081,1902,1776,1379,671,40.7,38.9,2.81,2.98,0.55,2.9,22.6
2068,1897,1775,1386,675,38.4,39.2,2.8,3,0.56,3.3,35.2
2078,1905,1778,1380,682,36.4,40,2.91,3.11,0.59,3,29.2
2064,1898,1775,1368,687,35.1,41,2.7,2.88,0.62,3.1,27.3
1965,1757,1617,1312,694,35.5,39.3,2.53,2.66,0.49,3.7,29.4
1839,1575,1410,1219,683,36.5,37.5,2.4,2.51,0.41,4,28
1768,1458,1290,1170,659,42.9,29.4,2.3,2.4,0.39,4.8,28.4
1751,1430,1261,1152,647,46,27.5,2.19,2.27,0.38,4.3,24.5
1759,1429,1251,1157,634,50.9,25.4,2.14,2.2,0.26,3.8,21.8
1766,1431,1254,1159,627,52.1,25.1,2.14,2.19,0.25,4.2,15.8
1761,1425,1246,1141,624,52.9,24.8,2.18,2.23,0.28,6.1,11.3
1763,1421,1243,1145,623,53.7,24.2,2.14,2.18,0.28,5.5,10.4
1762,1422,1240,1145,607,53.4,24.2,2.13,2.17,0.25,5.1,10.2
1734,1388,1203,1115,592,53,23.8,2.17,2.21,0.27,5.1,10.1
1730,1377,1193,1108,592,52.8,23.2,2.22,2.28,0.34,4.9,10.1
1713,1353,1161,1103,582,53,22.5,2.27,2.36,0.44,3.3,12.2
1709,1343,1152,1088,587,53.3,22,2.32,2.44,0.52,3.2,13.5
1705,1330,1140,1093,582,53.3,21.8,2.35,2.48,0.57,3.4,13.6
1695,1320,1130,1084,577,52.5,21.9,2.37,2.49,0.6,3.9,15.2
1706,1332,1138,1069,573,52.1,21.6,2.37,2.5,0.63,3,15.1
1754,1390,1204,1131,577,52.3,21.9,2.41,2.53,0.61,2.7,16.7
1801,1454,1272,1167,585,51.2,23.6,2.38,2.48,0.53,3.4,12.9
1882,1587,1421,1249,611,46.8,29.1,2.4,2.5,0.53,4.6,16.1
1902,1617,1456,1254,622,42.6,31,2.4,2.5,0.49,4.4,11.5
1990,1760,1617,1304,651,40.6,34.2,2.32,2.4,0.44,4.2,11.8
1966,1726,1582,1301,658,38.3,36,2.36,2.44,0.4,4,14.4
1959,1714,1566,1298,672,37,36,2.33,2.41,0.38,3,10.8
1902,1633,1472,1263,671,36,35.5,2.32,2.4,0.4,4.3,11.9
1872,1597,1428,1239,661,36.5,34.4,2.3,2.39,0.41,4.2,11.8
1740,1406,1232,1114,638,38.4,30.8,2.28,2.37,0.38,3.9,11.3
1707,1370,1194,1078,626,41,26.8,2.28,2.36,0.4,4.4,12.2
1703,1349,1168,1088,619,46,23.2,2.28,2.37,0.41,4.4,9.9
1704,1348,1162,1087,613,47.3,23,2.25,2.33,0.41,4.2,11.6
1680,1316,1123,1069,588,47.8,22.3,2.23,2.3,0.39,3,7.5
1679,1306,1112,1056,587,48.8,21.7,2.23,2.3,0.43,3.1,8.9
1672,1298,1105,1051,579,49.2,21.1,2.21,2.27,0.41,3,9.5
1700,1325,1136,1057,573,50.5,20,2.2,2.26,0.39,2.6,10.4
1697,1318,1125,1072,566,51.2,20.5,2.2,2.26,0.4,3.2,9.2
1722,1349,1164,1066,560,49.7,21.5,2.24,2.32,0.4,3.6,10.7
1700,1323,1134,1055,559,49.6,21.4,2.27,2.37,0.45,3.5,12.8
1668,1275,1084,1008,545,51.1,19.5,2.28,2.36,0.47,3.5,17.8
1675,1281,1088,1034,547,52.5,19,2.32,2.41,0.49,3.6,15.4
1685,1291,1094,1045,531,53.7,19.4,2.34,2.44,0.47,3.4,12.7
1721,1327,1134,1074,528,53.5,19.9,2.39,2.51,0.48,2.5,13.8
1758,1369,1185,1105,534,53.6,20.8,2.32,2.44,0.42,1.7,15.7
1880,1535,1372,1242,556,52.5,25.8,2.36,2.46,0.47,1.8,15.5
1925,1616,1447,1277,565,46.8,29.2,2.31,2.42,0.43,2,13.3
2027,1789,1647,1360,607,42.1,34.6,2.32,2.43,0.44,2,13.5
2073,1869,1741,1375,639,40.1,36.7,2.36,2.5,0.47,1.9,13.8
2056,1840,1716,1347,666,36.5,39.3,2.48,2.64,0.48,2.2,18.6
2046,1840,1716,1343,678,35.9,38.7,2.54,2.68,0.46,2.3,19.5
1990,1771,1637,1313,673,35.5,38.7,2.58,2.74,0.53,2.4,22.2
1846,1562,1404,1206,661,36.5,35.5,2.56,2.76,0.58,2.2,28.5
1781,1469,1306,1158,646,39.3,31.7,2.44,2.61,0.57,3.9,32.7
1737,1400,1231,1106,613,45.7,25.6,2.34,2.48,0.5,3.9,20.3
1735,1393,1223,1114,611,48.7,24.4,2.21,2.3,0.45,3.2,10.4
1739,1392,1218,1125,608,50.8,23.8,2.2,2.28,0.47,1.6,8.9
1731,1378,1201,1125,606,52.1,23.3,2.19,2.31,0.51,2,11.9
1744,1388,1201,1124,606,53.9,23.3,2.21,2.3,0.45,3.8,11.7
1745,1383,1196,1136,599,54.2,23.2,2.18,2.25,0.4,2.3,12
1744,1377,1188,1132,597,54.6,23.3,2.16,2.22,0.36,1.7,15.6
1758,1393,1205,1115,578,56.3,22.5,2.15,2.25,0.37,1.4,17.4
1763,1394,1209,1123,579,57.1,22.4,2.18,2.31,0.4,2.4,14.3
1762,1389,1198,1124,587,57.8,22.6,2.21,2.31,0.42,2.2,11.2
1765,1393,1203,1137,585,58.3,22.9,2.26,2.36,0.42,1.8,11.9
1764,1392,1201,1150,575,58.2,23.2,2.33,2.49,0.42,1.8,14.3
1761,1391,1200,1135,569,58.3,23.3,2.34,2.47,0.46,1.8,15.8
1757,1388,1197,1142,567,58,23.3,2.29,2.43,0.48,3,15.5
1791,1424,1235,1164,560,58,23.6,2.39,2.54,0.51,2.8,26.8
1833,1475,1295,1206,560,57.2,24.6,2.34,2.42,0.37,2.1,11
1942,1661,1499,1297,576,51.9,30.3,2.35,2.42,0.37,2.2,12.8
1967,1709,1566,1296,592,46.9,32.8,2.32,2.41,0.4,2.1,18.7
1932,1676,1527,1266,621,42.4,34,2.22,2.29,0.4,2.6,17.7
1907,1640,1485,1249,625,42,33.6,2.24,2.33,0.41,3.2,36.8
1946,1696,1566,1250,632,40.8,33.7,2.2,2.29,0.38,1.7,11
1918,1658,1519,1219,640,39.5,34.2,2.24,2.33,0.42,2.3,34.1
1870,1593,1442,1184,631,39.3,33.3,2.21,2.3,0.42,2.6,50.7
1744,1429,1280,1055,597,40.1,29.2,2.2,2.3,0.43,3.4,24.6
1726,1406,1262,1008,576,42.2,25,2.17,2.26,0.37,3.1,13.8
1744,1424,1296,976,544,45.1,21.5,2.13,2.2,0.35,1.4,13.4
1719,1392,1256,970,539,45.9,20.7,2.12,2.18,0.32,1.9,12.8
1710,1376,1233,950,526,47.3,19.5,2.13,2.19,0.33,1.9,11.4
1710,1372,1230,958,510,48,19,2.13,2.2,0.32,1.8,11.1
1709,1358,1205,945,498,49.4,18.4,2.15,2.29,0.32,2.8,13.1
1712,1359,1204,949,490,49.9,18.2,2.16,2.3,0.35,2.2,14.7
1698,1339,1181,945,487,50.2,18,2.19,2.35,0.41,2,18.5
1693,1327,1167,938,470,50.8,17.5,2.23,2.4,0.51,3,22.2
1683,1315,1153,924,466,50.8,17.3,2.26,2.43,0.62,2.4,16.9
1676,1303,1145,945,464,50.7,16.8,2.28,2.44,0.51,2.3,15.8
1681,1310,1154,943,458,50.3,16.7,2.3,2.47,0.49,2.2,16.5
1680,1305,1152,930,457,51.2,15.6,2.3,2.47,0.48,1.9,18.9
1699,1327,1168,943,455,52.1,15.6,2.3,2.46,0.46,1.5,20.1
1791,1418,1249,1071,461,51.8,17.9,2.28,2.43,0.48,1.2,19.3
1877,1533,1369,1168,465,50.8,21.4,2.3,2.45,0.56,1.1,25.1
1985,1683,1534,1221,487,45.9,26.9,2.24,2.37,0.4,1,20.7
2107,1877,1767,1311,528,37.6,36,2.22,2.35,0.36,1,11.8
2076,1843,1731,1281,534,35.2,37.5,2.26,2.37,0.35,1,12.9
1981,1736,1603,1260,558,34.2,36.3,2.29,2.43,0.35,1,13
1981,1745,1607,1262,570,34.4,36,2.37,2.58,0.4,1.8,20.4
1968,1738,1607,1241,594,32.8,37.7,2.35,2.53,0.42,1.4,25.1
1932,1677,1534,1210,592,33,36.9,2.34,2.54,0.5,1.4,26.8
1839,1539,1401,1127,576,34.1,34.9,2.35,2.55,0.56,2.4,30.1
1787,1479,1353,1021,547,39.7,26,2.37,2.58,0.62,2.4,46.2
1767,1445,1311,1007,529,42.3,23.9,2.28,2.44,0.56,1.6,42.6
1770,1448,1315,1009,511,45.5,21.9,2.22,2.31,0.43,1.8,22
1766,1437,1298,1022,511,47.1,21.1,2.18,2.25,0.4,2.1,19.1
1680,1319,1142,986,504,49.8,20.2,2.14,2.2,0.37,0.7,13
1663,1293,1101,1004,501,50.7,20.2,2.16,2.23,0.41,1.5,15.6
1689,1320,1136,975,485,51.8,19.6,2.16,2.25,0.44,1.6,20.9
1708,1333,1154,967,479,53,19,2.18,2.27,0.44,1.3,17.6
1743,1370,1196,1000,469,54.6,18.6,2.2,2.32,0.45,2.2,18.5
1705,1321,1124,1012,466,54.4,20.5,2.27,2.42,0.5,2.2,17.3
1727,1350,1164,1009,469,53.7,20.6,2.33,2.47,0.53,1.7,16.9
1789,1423,1260,1021,465,54.6,20.5,2.32,2.46,0.48,1.8,16.1
1794,1430,1270,1018,463,54,20.8,2.32,2.48,0.46,1.3,16.5
1825,1461,1303,1050,462,55,20,2.39,2.53,0.47,2.6,23
1888,1535,1385,1122,465,57.2,20.7,2.59,2.73,0.46,2.6,24.6
1969,1663,1510,1230,495,50.4,27.9,2.56,2.75,0.46,2.7,27.8
2015,1751,1616,1263,500,46.1,31,2.44,2.63,0.47,2.9,25.8
2083,1848,1735,1285,531,41.5,34.3,2.47,2.67,0.46,3.3,17.2
2066,1854,1748,1259,560,36.5,36.9,2.55,2.79,0.54,3.3,32.5
2056,1843,1743,1235,580,35.6,36.7,2.56,2.72,0.48,3.3,23.3
2055,1842,1740,1246,618,34.4,37.5,2.58,2.74,0.5,2.7,26
2034,1834,1728,1242,624,34.1,37.7,2.5,2.7,0.56,3.3,28
1936,1688,1571,1164,618,34.4,35.9,2.43,2.62,0.55,4.2,38
1840,1564,1439,1077,603,35.7,33.7,2.36,2.51,0.52,5.2,29.6
1812,1524,1412,1022,593,38.7,28.6,2.26,2.39,0.54,4.3,30.3
1793,1494,1379,1009,567,45,23.3,2.21,2.3,0.44,3,19.3
1794,1482,1360,1007,559,47,22.4,2.18,2.26,0.39,2.5,10.7
1784,1465,1329,1001,531,49.9,21.3,2.17,2.22,0.34,4,10.8
1777,1455,1316,1001,528,51.3,20.8,2.17,2.21,0.32,4.6,14
1824,1505,1386,999,511,53.6,19.8,2.17,2.23,0.33,4.6,12.3
1816,1494,1376,997,511,54.7,19.6,2.17,2.23,0.34,4.7,13.1
1777,1434,1289,1022,497,57.1,19.4,2.17,2.25,0.38,2.8,12
1728,1371,1200,1006,496,56.5,20,2.2,2.31,0.42,3.7,14.1
1750,1395,1231,1002,486,56.5,19.8,2.29,2.42,0.47,3.2,19.2
1739,1376,1204,1006,475,57.8,18.9,2.3,2.43,0.49,3,23.8
1774,1416,1253,1007,467,58.5,18.7,2.44,2.59,0.52,3,21.8
1802,1456,1309,1011,470,58.6,19,2.38,2.53,0.59,3.1,18
1760,1406,1245,1010,464,59.5,19,2.38,2.54,0.62,2.1,16.2
1883,1535,1375,1170,488,60.1,20.5,2.45,2.65,0.56,1.3,22
1934,1619,1468,1204,495,56.2,25.7,2.71,2.88,0.53,1.3,23.8
2038,1795,1665,1267,538,46.5,31.5,2.8,3,0.61,1.2,23.2
2095,1891,1778,1297,574,41.7,35.1,2.76,2.97,0.61,1,25.4
2116,1934,1839,1295,608,37.4,37.9,2.65,2.91,0.61,1.3,30.1
2065,1872,1769,1255,626,33,38.8,2.63,2.87,0.6,1.4,22.1
2065,1873,1776,1248,631,32.7,38.5,2.58,2.82,0.61,1.8,30.9
2024,1808,1709,1230,623,33.6,38,2.64,2.88,0.57,1.6,31.8
1965,1726,1616,1179,614,34.5,36.8,2.45,2.66,0.55,2,28.6
1826,1535,1429,1049,592,38.2,30.9,2.33,2.51,0.53,3.2,31.8
1800,1515,1403,1019,581,41.2,26.6,2.22,2.32,0.38,2.7,13.7
1791,1496,1378,1015,583,42.7,24.6,2.13,2.2,0.31,2.8,9.2
1781,1476,1343,1020,575,48.1,22.7,2.14,2.22,0.3,1.6,10.8
1793,1481,1345,1020,563,50.2,22,2.18,2.26,0.31,1,12.4
1848,1535,1423,1040,545,53.2,21.1,2.22,2.3,0.43,2.2,14.6
1808,1491,1360,1022,529,54.2,21.1,2.2,2.26,0.41,1.9,16.6
1797,1470,1328,1038,528,56.1,20.7,2.18,2.24,0.38,1.7,17.5
1793,1459,1310,1040,528,56.2,20.9,2.19,2.28,0.37,1.1,14.1
1764,1421,1253,1045,511,56.9,21.1,2.19,2.27,0.37,2.3,10.7
1773,1424,1263,1033,499,56.2,21.3,2.26,2.39,0.42,1.4,13.9
1765,1425,1265,1028,496,56.1,21.1,2.35,2.49,0.47,1.5,18.4
1745,1393,1226,1019,493,56.8,20.3,2.35,2.52,0.52,1.3,25.1
1743,1388,1215,1019,492,57.2,20.2,2.33,2.48,0.57,1.3,25.2
1747,1391,1218,1022,487,57.5,19.9,2.38,2.56,0.56,1.6,19.7
1774,1416,1247,1041,483,57.4,20.3,2.48,2.66,0.62,2.2,18.1
1781,1430,1258,1067,480,55.8,21.8,2.52,2.69,0.54,2.3,21.9
1838,1492,1327,1113,481,54.5,22.7,2.58,2.72,0.49,2.4,33.2
2016,1751,1615,1266,528,48.2,29.5,2.57,2.72,0.52,2.4,31.4
2033,1791,1663,1269,541,43.3,33.9,2.49,2.67,0.54,2.6,26.1
2027,1793,1668,1262,551,40.3,35.4,2.42,2.59,0.49,2.3,18.5
2010,1791,1661,1231,576,36.8,37,2.43,2.59,0.39,2.4,21.4
2012,1796,1673,1224,578,34.8,37.7,2.38,2.5,0.42,2.4,35.5
1893,1637,1494,1132,576,33.5,36.4,2.42,2.55,0.41,2.6,21.6
1804,1510,1363,1057,559,34.5,33.6,2.39,2.52,0.41,3,37.3
1767,1460,1323,1003,535,39.5,26.1,2.37,2.48,0.4,3.4,27.9
1764,1454,1312,993,537,41.7,24.6,2.32,2.43,0.43,4.2,26.1
1752,1434,1285,981,529,43.3,23.7,2.26,2.34,0.37,4,25
1746,1422,1264,981,523,45.7,22.4,2.21,2.27,0.33,3.2,17.1
1740,1408,1253,966,521,46.5,21.9,2.17,2.24,0.31,2.2,16.3
1744,1407,1254,970,503,47,20.9,2.21,2.28,0.41,2.8,17.8
1733,1391,1231,966,496,47.5,20.8,2.22,2.29,0.4,2.6,25.3
1739,1391,1229,959,481,48,20.3,2.26,2.36,0.47,3.5,14.3
1732,1380,1216,952,471,48.6,19.9,2.29,2.39,0.47,3.6,13.5
1701,1341,1168,941,454,49.7,19.3,2.32,2.42,0.44,2.6,15.3
1672,1302,1118,941,450,50.4,18.9,2.35,2.45,0.42,2.6,17.4
1652,1277,1087,932,449,50.8,18.7,2.32,2.43,0.43,2.6,13.6
1648,1264,1070,936,442,51.7,18.3,2.33,2.43,0.46,2.5,16.8
1645,1249,1052,926,441,52.1,18.2,2.33,2.44,0.39,2.9,22.7
1739,1359,1168,1009,446,54.1,19.2,2.36,2.47,0.37,3.1,22.3
1809,1438,1241,1105,447,50.9,21.6,2.29,2.42,0.38,3.3,27.5
1987,1710,1539,1247,502,44.5,31.1,2.38,2.51,0.42,3.5,25.2
2048,1814,1676,1267,533,39.4,35.4,2.47,2.62,0.39,3.2,19
2076,1855,1742,1246,567,34.7,38.3,2.41,2.54,0.38,2.8,21.6
2023,1795,1672,1213,569,34.2,38,2.54,2.68,0.41,3,22.3
1977,1739,1604,1187,576,34,37.1,2.59,2.75,0.42,2.7,20.8
1967,1729,1599,1183,593,35.1,36,2.51,2.68,0.46,2.7,24.8
1919,1654,1507,1143,592,33.9,36.2,2.49,2.69,0.59,3.8,32.5
1826,1525,1386,1055,566,38.4,30.5,2.41,2.56,0.57,5.2,32.1
1807,1496,1355,1038,560,41,27.7,2.39,2.58,0.49,6.1,35.4
1784,1463,1314,1019,551,45.3,24.5,2.28,2.38,0.4,5.4,21.9
1787,1458,1305,1033,546,47.6,23.8,2.26,2.35,0.42,6.3,23.7
1788,1457,1298,1034,544,49.2,23.5,2.23,2.3,0.35,4.8,13.9
1782,1451,1288,1011,529,51.6,22.7,2.24,2.32,0.32,4.1,12.1
1775,1435,1274,1020,531,53.1,22.1,2.23,2.31,0.31,3.5,17.8
1768,1421,1250,1021,528,55.1,21.5,2.23,2.31,0.32,3.6,15.9
1762,1411,1238,1022,510,55.8,21.4,2.18,2.31,0.35,2.4,14.2
1774,1423,1264,1022,499,56.9,21.1,2.18,2.32,0.33,3.9,15.2
1762,1412,1253,1012,506,57.4,20.7,2.22,2.36,0.36,3.2,13.5
1693,1320,1126,1012,503,58.8,20.3,2.25,2.39,0.4,2.8,17.8
1711,1333,1136,1031,499,59.2,20.3,2.26,2.38,0.43,3,21.5
1722,1349,1153,1051,499,59.7,21.1,2.31,2.44,0.44,2.9,17
1736,1362,1169,1061,497,59.3,21.7,2.29,2.39,0.41,2.8,17.6
1778,1418,1231,1081,501,59.4,22,2.29,2.36,0.43,2.6,29.3
1952,1647,1474,1248,542,57.6,27.3,2.24,2.32,0.41,2.6,28.8
2014,1753,1598,1293,563,49.9,32.2,2.26,2.36,0.35,2.5,16.1
2114,1913,1797,1294,611,40.7,37.8,2.29,2.4,0.36,2.5,20.1
2097,1894,1786,1276,621,37.9,38.7,2.35,2.47,0.33,2.3,16.6
2040,1831,1719,1233,643,36.7,37.7,2.3,2.38,0.34,2.4,24.1
2026,1803,1682,1221,647,36.8,37.1,2.31,2.41,0.36,2.3,33.1
2016,1791,1672,1219,645,37,36.5,2.32,2.43,0.4,2.7,53.3
1937,1695,1575,1156,643,36.7,35.7,2.28,2.4,0.41,3,35.7
1888,1629,1497,1117,633,38.1,33.2,2.26,2.39,0.38,3.8,30.6
1824,1534,1410,1042,612,42.7,27.6,2.26,2.38,0.37,3,24.4
1809,1518,1384,1037,606,46,25.6,2.18,2.26,0.3,2.6,20.2
1791,1481,1337,1039,586,50.7,23.6,2.17,2.24,0.3,2.5,13.2
1788,1476,1327,1051,591,52.6,23.1,2.15,2.2,0.27,2.5,13.5
1803,1481,1330,1057,579,54,23.1,2.13,2.21,0.3,2.8,20.1
1797,1472,1318,1052,560,54.5,23.8,2.14,2.21,0.3,2.8,10.6
1784,1457,1301,1039,555,54.9,23.1,2.13,2.21,0.28,2.2,11.7
1799,1471,1315,1051,530,57.3,21.9,2.14,2.22,0.32,1.8,8.6
1783,1456,1299,1043,531,57.2,22,2.19,2.27,0.34,1.7,10.1
1756,1422,1261,1012,511,58.1,21.2,2.19,2.27,0.34,1.8,15.6
1776,1441,1287,1022,510,58.6,20.9,2.19,2.28,0.33,1.3,10.6
1762,1420,1258,1018,511,59.1,20.7,2.21,2.29,0.33,1.4,16
1766,1426,1261,1017,511,59.4,20.7,2.23,2.3,0.43,2.8,27
1776,1437,1273,1026,501,59.5,20.7,2.28,2.37,0.43,3.3,17
1867,1533,1365,1143,523,61.3,22.2,2.29,2.41,0.48,3.8,29.6
1912,1606,1435,1193,533,56.7,26,2.27,2.41,0.4,3.1,28.3
1967,1697,1535,1232,541,48.4,30.8,2.32,2.49,0.4,2.9,25.4
1995,1757,1616,1241,557,44.6,33.6,2.31,2.47,0.39,2.5,20.7
1976,1744,1612,1197,559,39.2,35.4,2.25,2.39,0.39,2.4,14.9
1960,1716,1583,1184,563,38.2,35,2.3,2.43,0.36,2.2,16.2
1927,1679,1535,1140,566,37.8,34.5,2.28,2.41,0.36,2.6,25.4
1917,1671,1535,1131,570,37.2,33.6,2.27,2.38,0.36,2.5,26.2
1885,1622,1489,1101,565,37,33,2.2,2.27,0.36,2.6,36.3
1778,1488,1360,975,534,36.9,30.1,2.17,2.25,0.3,3.1,40.5
1770,1475,1357,947,524,38.5,26.1,2.16,2.24,0.27,3,25.3
1734,1426,1296,912,494,41.4,22.7,2.15,2.23,0.26,2.5,25.5
1718,1408,1277,893,488,41.8,21.9,2.14,2.21,0.28,1.6,20.1
1686,1359,1214,853,463,41.5,20.3,2.18,2.27,0.34,2,14.3
1679,1347,1203,846,451,41.2,19.7,2.19,2.31,0.39,2,10.8
1665,1326,1172,830,446,40.1,19.3,2.21,2.36,0.41,1.9,13.4
1663,1313,1157,822,422,39.1,18.7,2.23,2.4,0.44,1.7,18.9
1647,1290,1130,810,413,38.7,18.6,2.23,2.4,0.49,1.9,19
1637,1271,1111,790,395,38.7,17.5,2.23,2.39,0.5,3.4,23.5
1631,1264,1101,799,394,39.3,17.1,2.25,2.43,0.44,2.7,19
1642,1267,1102,799,384,39.5,17,2.29,2.46,0.4,2.5,30.6
1627,1248,1080,785,378,39.7,16.8,2.27,2.45,0.34,2.3,22.3
1633,1254,1090,782,360,40.3,16,2.24,2.41,0.25,1.9,20.6
1709,1331,1192,799,359,41,15.6,2.25,2.4,0.23,2.4,28.5
1705,1322,1143,884,367,41.9,16,2.28,2.4,0.27,3.1,34.6
1762,1393,1199,1012,386,39.5,23.8,2.3,2.42,0.35,3.7,24.5
1812,1472,1277,1069,406,36.7,27.5,2.31,2.44,0.3,3.3,12.7
1956,1701,1535,1148,464,32.1,35,2.33,2.45,0.32,3.4,25.1
1939,1680,1534,1103,471,30.2,36.5,2.27,2.39,0.34,3.7,27
1936,1667,1528,1089,493,31.1,33.8,2.34,2.48,0.33,3.7,26
1929,1662,1525,1086,502,31.2,33.8,2.39,2.58,0.63,3.4,23.3
1942,1690,1563,1104,533,30.7,35.1,2.3,2.5,0.42,3,19
1928,1665,1535,1071,542,30.2,35.1,2.31,2.46,0.47,3.4,57.9
1856,1573,1454,992,533,30.7,33.6,2.27,2.4,0.39,3.7,31.8
1758,1444,1327,892,494,35.2,25,2.25,2.39,0.42,4.2,16.5
1746,1426,1306,889,480,38.6,22.3,2.23,2.43,0.44,4.1,15.4
1733,1405,1271,879,475,41.7,20.6,2.19,2.38,0.46,3.9,14.4
1727,1392,1252,875,465,43.1,19.9,2.2,2.32,0.45,3.9,12.6
1740,1394,1253,885,454,46.2,18.4,2.17,2.26,0.41,3.9,10
1746,1400,1263,879,448,47.2,18.4,2.14,2.24,0.38,3.6,11.2
1724,1363,1209,881,447,48.1,17.9,2.16,2.26,0.4,3,11.9
1745,1378,1223,885,434,51.4,17,2.22,2.32,0.46,2.8,20.1
1768,1406,1262,894,433,52.5,16.9,2.2,2.32,0.46,2.5,16.2
1808,1454,1320,896,427,53,17,2.21,2.31,0.44,3,12.7
1839,1488,1370,901,426,53.1,16.9,2.26,2.4,0.46,2.9,16.9
1705,1327,1156,882,419,53.6,17,2.34,2.51,0.49,3.1,18.7
1680,1301,1133,870,414,55,16.4,2.49,2.69,0.56,3.1,20.1
1765,1394,1233,930,425,56.5,15.8,2.45,2.75,0.53,3.4,18.4
1854,1485,1312,1052,438,59.2,17.1,2.47,2.73,0.6,3.6,22.2
1947,1612,1445,1136,459,55.9,22.5,2.5,2.86,0.53,3.6,20.5
2017,1743,1597,1198,493,42.6,32.2,2.65,2.88,0.57,3.6,18.6
2032,1787,1648,1200,503,38.7,34.7,2.64,2.91,0.58,3.7,20.7
2057,1838,1713,1208,555,34,37.7,3.01,3.21,0.52,3.8,17.3
2008,1776,1649,1174,569,32.7,38,2.56,2.81,0.51,3.6,17.5
1993,1771,1649,1135,577,31.5,36.7,2.51,2.86,0.51,2.9,13.8
1972,1749,1626,1125,597,29.9,37.3,2.43,2.72,0.66,4,25
1872,1608,1471,1060,588,30.5,35.6,2.54,2.87,0.77,5.2,32
1792,1498,1363,980,571,31.8,33,2.37,2.58,0.65,6.7,32.4
1763,1460,1334,937,556,34.6,28.1,2.27,2.39,0.47,5,21.1
1776,1469,1354,930,530,41,22.8,2.26,2.36,0.44,4.3,9.9
1786,1473,1353,928,522,42.9,22,2.19,2.3,0.41,4,9.3
1793,1470,1343,933,496,46.4,20.6,2.15,2.29,0.37,3.7,11.1
1790,1461,1327,930,495,47.9,20.2,2.11,2.21,0.3,3.8,9.2
1766,1422,1274,925,483,50,19.4,2.18,2.25,0.38,4,10.5
1753,1403,1246,916,477,51.3,18.8,2.17,2.24,0.37,4.1,10.3
1716,1357,1193,902,463,52.5,18.5,2.17,2.29,0.45,5,19.1
1655,1278,1090,903,471,53.8,17.6,2.21,2.39,0.49,4.9,16.3
1652,1270,1081,899,464,54.7,17.4,2.32,2.55,0.53,4.6,20.6
1665,1283,1090,908,468,55.6,17.1,2.42,2.64,0.57,4.3,23.7
1666,1282,1092,900,471,56.2,17.1,2.38,2.6,0.5,3.7,19.3
1683,1302,1123,906,471,57.1,16.9,2.47,2.67,0.55,3.6,18.6
1643,1248,1048,898,472,56.9,16.8,2.56,3.06,0.67,2.9,23.5
1783,1396,1187,1088,501,60,19.4,2.62,3.32,0.65,2.7,26.7
1856,1503,1304,1146,531,53,25,2.41,2.77,0.43,2.5,11.5
1935,1623,1433,1189,546,46.2,29.7,2.49,2.71,0.44,3,12.4
2127,1909,1777,1263,592,37.2,36.9,2.41,2.63,0.44,4.2,15.2
2101,1885,1765,1217,599,33.7,39.6,2.45,2.57,0.43,2.9,9.8
2032,1812,1686,1168,611,30.7,38.5,2.53,2.68,0.43,2.5,12.5
2009,1791,1661,1150,624,30,38.4,2.45,2.65,0.42,2.3,15.8
1986,1771,1646,1126,645,27.9,39.2,2.44,2.63,0.42,2.6,12.9
1937,1707,1582,1090,643,27.5,38.5,2.34,2.53,0.43,7.3,21.2
1778,1481,1355,942,613,29.2,33.8,2.24,2.38,0.41,6.8,18.8
1764,1462,1338,922,592,32.9,28,2.24,2.36,0.43,4.3,13.5
1776,1471,1350,920,590,37,25,2.35,2.46,0.44,3.8,22.8
1772,1452,1327,916,576,41.2,22.7,2.19,2.28,0.33,2.7,11.8
1776,1453,1324,917,572,43.8,21.5,2.15,2.22,0.3,2.6,9
1751,1409,1261,928,554,48.8,20.3,2.12,2.18,0.25,2.2,7.8
1725,1374,1213,922,542,49.7,19.9,2.11,2.17,0.23,2.8,7.3
1692,1332,1155,910,529,52.1,18.8,2.15,2.19,0.25,3,10
1681,1319,1137,907,539,52.6,18.6,2.16,2.22,0.28,4.1,13.4
1675,1309,1125,912,533,53.4,18.3,2.14,2.2,0.25,3.1,8.3
1662,1296,1109,910,534,54,18.2,2.23,2.32,0.29,2.8,10
1638,1258,1062,914,543,54.8,18,2.3,2.4,0.34,2.7,11.4
1616,1229,1012,918,550,55.8,18.2,2.35,2.48,0.41,2.4,14
1599,1206,993,901,547,54.5,18.6,2.46,2.66,0.51,2.6,20.5
1627,1230,1010,942,546,54.9,17.9,2.35,2.71,0.4,2.4,13.5
1701,1313,1101,1006,556,57.5,18.6,2.32,2.48,0.36,2.4,9.8
1905,1583,1394,1172,590,52.2,24.6,2.25,2.35,0.32,2.5,7
2057,1800,1649,1247,623,45.3,31.5,2.22,2.29,0.29,2.5,4.1
2150,1953,1831,1279,659,39.4,36.9,2.3,2.38,0.29,2.6,4.7
2087,1889,1776,1199,679,31.8,40.1,2.21,2.3,0.29,2.4,5.6
2064,1858,1744,1194,688,31,39.2,2.34,2.47,0.29,2.2,4.5
2037,1825,1710,1182,705,31.1,38.5,2.34,2.67,0.3,1.8,9.3
2029,1819,1702,1166,707,30.9,38.9,2.35,2.66,0.37,2.4,13.1
1942,1699,1570,1106,695,30.3,37.7,2.27,2.44,0.39,2.4,14.8
1830,1539,1413,1005,672,31.6,35.8,2.17,2.23,0.3,2.7,8.3
1776,1471,1343,944,625,38.7,25.8,2.1,2.14,0.24,4,6.2
1777,1473,1350,945,619,42.6,23.8,2.11,2.16,0.23,2.7,9.7
1776,1468,1341,948,608,45.3,22.6,2.14,2.18,0.2,2.5,6.8
1776,1455,1318,953,583,49.2,21.5,2.12,2.15,0.21,3,6.1
1796,1482,1351,946,573,50.3,21.2,2.11,2.14,0.22,2.6,6.9
1776,1446,1302,944,560,52.9,20.3,2.11,2.14,0.22,2.5,8.3
1777,1446,1299,952,558,54.3,19.7,2.12,2.15,0.26,2.5,9.5
1779,1444,1296,947,554,55.7,19.4,2.13,2.17,0.28,1.7,11.9
1754,1410,1255,947,553,56.5,19.1,2.16,2.2,0.31,3.1,11.4
1743,1396,1233,945,556,57.3,18.8,2.19,2.26,0.32,3,10.1
1717,1363,1199,927,554,58,18.6,2.24,2.34,0.35,2.7,14.3
1682,1318,1135,915,557,58.1,18,2.32,2.42,0.39,2.8,20
1615,1230,1013,912,553,58.7,17.4,2.43,2.52,0.41,2.7,15
1621,1227,1007,912,551,59.4,17,2.47,2.59,0.39,2.7,14.4
1879,1520,1334,1104,571,62,19.3,2.52,2.65,0.44,2.7,10.4
1946,1617,1432,1192,582,57.7,25,2.45,2.56,0.48,2.9,9.7
2011,1756,1600,1223,593,42.6,34.4,2.44,2.55,0.43,2.7,8.2
2079,1854,1716,1236,609,38.2,36.9,2.46,2.57,0.41,2.7,9.1
2084,1870,1744,1219,621,35.6,38.3,2.34,2.46,0.34,2.7,9.2
2040,1827,1705,1188,638,32.7,38.3,2.41,2.55,0.33,2.8,10.4
2032,1810,1681,1188,656,32.4,38.2,2.36,2.54,0.4,2.6,17.2
2028,1808,1683,1179,656,32.3,38.5,2.39,2.69,0.56,3.3,31.1
1999,1765,1641,1160,650,32.6,38.1,2.35,2.55,0.61,4.3,39.2
1833,1553,1417,1002,617,34.4,33.9,2.29,2.43,0.37,5,28.5
1811,1520,1394,971,605,38.4,28.3,2.24,2.37,0.39,4.4,20.8
1792,1483,1353,958,582,44.8,23.8,2.23,2.35,0.37,3.2,21.1
1783,1467,1329,958,575,46.9,22.8,2.15,2.22,0.3,2.8,9
1783,1463,1325,952,560,48.4,22.2,2.12,2.17,0.24,3.5,8.9
1789,1468,1327,949,551,51,21.1,2.14,2.19,0.3,3.8,11.3
1780,1456,1312,950,544,51.9,20.7,2.17,2.23,0.37,3.2,13.1
1775,1443,1292,944,532,53.4,20.1,2.18,2.25,0.41,3,13.5
1774,1434,1286,953,528,54.5,20,2.2,2.31,0.47,3,10.2
1773,1433,1285,941,525,55,19.6,2.23,2.36,0.51,3.8,11.8
1774,1434,1282,949,526,55.6,19.5,2.27,2.41,0.56,3.2,17.2
1786,1454,1303,948,511,55.7,19.7,2.35,2.51,0.6,3,19.9
1738,1386,1219,934,511,56.1,19.1,2.34,2.52,0.57,2.9,18.4
1748,1403,1240,937,501,57,18.6,2.33,2.49,0.52,2.9,14.7
1744,1391,1218,945,498,57.7,18.8,2.41,2.57,0.53,2.7,19.1
1780,1428,1263,983,495,57.9,19.1,2.41,2.58,0.5,2.5,15.4
1926,1612,1443,1155,511,56.6,24.2,2.35,2.52,0.48,2.4,12.1
1983,1697,1534,1187,538,48.6,29.5,2.35,2.5,0.48,2.4,13.5
2048,1809,1675,1225,566,40.5,35,2.41,2.53,0.58,2.4,23.4
2031,1802,1667,1197,575,37.8,36.9,2.45,2.56,0.47,2.4,13.3
2027,1804,1674,1196,587,36.3,36.8,2.46,2.62,0.47,2.2,13.4
2018,1792,1653,1196,609,35.4,36.9,2.46,2.6,0.47,2.2,27.6
2022,1801,1669,1191,618,34.4,37.9,2.44,2.57,0.55,2.6,38.1
1925,1673,1524,1127,623,34,37.2,2.37,2.54,0.62,2.8,27.5
1840,1565,1410,1051,610,34.8,34.8,2.35,2.5,0.49,2.9,25.4
1792,1491,1349,991,593,40.3,27.2,2.31,2.46,0.49,3,24.2
1773,1464,1316,978,590,42.5,25.9,2.26,2.38,0.41,2.6,22.3
1769,1451,1296,976,583,45.9,24.2,2.21,2.29,0.38,2.2,15.4
1754,1428,1269,969,579,47.1,23.5,2.16,2.23,0.36,2.6,13
1777,1454,1299,969,571,48.3,22.9,2.15,2.22,0.35,3.2,16.3
1768,1436,1270,956,549,51.2,21.5,2.16,2.23,0.32,2.8,14.4
1795,1459,1295,979,555,52.1,21.5,2.13,2.19,0.31,2.9,12.4
1764,1423,1260,945,539,51,21.9,2.13,2.22,0.34,2.4,12.6
1758,1413,1246,958,528,52.1,20.7,2.14,2.22,0.32,2.1,12.3
1759,1404,1235,933,511,54,20,2.14,2.21,0.3,3.3,12.3
1744,1386,1214,928,502,54.6,19.5,2.19,2.29,0.33,3.1,15.4
1735,1377,1200,929,496,55.6,19,2.25,2.37,0.4,3,25.2
1731,1364,1185,924,490,57,18.6,2.39,2.53,0.4,2.9,19.3
1739,1368,1187,937,483,57.8,18.3,2.44,2.59,0.42,2.9,28.1
1871,1510,1315,1114,511,61,20,2.3,2.46,0.37,2.9,23.3
1989,1680,1503,1201,550,56.4,25.9,2.37,2.56,0.37,2.8,20.3
2125,1895,1764,1258,580,41,36.5,2.63,2.84,0.39,2.7,28.3
2139,1924,1797,1263,592,37.8,38.6,2.68,2.89,0.36,2.5,24.3
2109,1906,1787,1214,608,34.1,40.2,2.65,2.84,0.37,2.4,22.4
2080,1872,1749,1202,614,33.3,39.6,2.72,2.96,0.4,2.4,23.4
2080,1870,1746,1206,625,33.2,39.5,2.64,2.96,0.46,2,34.2
2005,1793,1672,1156,640,31.4,40.5,2.59,2.89,0.58,2.8,37
1931,1694,1563,1103,644,32.1,38.1,2.43,2.67,0.59,3.5,34.5
1830,1558,1423,1008,629,35.5,33.1,2.49,2.75,0.5,4.3,33.6
1823,1535,1416,991,613,38.1,29.2,2.39,2.55,0.38,3.7,29.7
1859,1571,1455,1006,577,46.6,24.9,2.24,2.34,0.35,3.6,28.4
1970,1708,1635,1023,560,49.8,24,2.17,2.24,0.35,4.9,19.2
1915,1639,1535,1028,532,52.4,24.4,2.16,2.21,0.32,4.7,15
1870,1578,1458,1008,528,53.1,23.7,2.16,2.22,0.32,4.2,11.9
1804,1488,1342,1008,533,54.3,23,2.07,2.12,0.31,4.1,8.7
1828,1518,1371,1001,528,56,22.3,2.09,2.16,0.35,4.1,8.7
1811,1494,1343,994,526,56.8,21.9,2.12,2.2,0.39,3.1,14.9
1811,1493,1341,1007,528,58.8,21.6,2.15,2.27,0.43,2.5,21.1
1790,1457,1293,1007,539,59.2,21.9,2.21,2.37,0.79,1.8,43.9
1747,1410,1239,986,535,59.7,21.5,2.36,2.55,0.72,1.5,43.3
1732,1393,1223,968,537,60,21.1,2.33,2.5,0.49,1.6,23.8
1744,1405,1232,979,544,60.8,20.6,2.32,2.45,0.38,3.2,20.7
1752,1407,1221,1000,550,61.3,20.9,2.3,2.38,0.61,2.7,22.2
1851,1519,1357,1067,558,61,21.4,2.35,2.44,0.33,1.1,24
1903,1586,1420,1113,558,57.6,25,2.32,2.4,0.3,1,16.9
1926,1613,1445,1139,565,54.9,27.2,2.32,2.43,0.34,1.3,14.7
2080,1831,1681,1260,588,50.2,31.4,2.26,2.34,0.33,1,10.5
2075,1846,1702,1255,603,43,37.3,2.2,2.3,0.34,0.9,10.8
2032,1808,1653,1227,615,37.2,38.9,2.24,2.35,0.34,0.9,11.6
2070,1858,1711,1244,631,36.5,39.3,2.32,2.46,0.31,0.9,15.2
2045,1835,1688,1229,649,34.8,40.9,2.31,2.48,0.48,1.6,22.3
1948,1698,1535,1162,639,36,37.5,2.63,2.82,0.56,1.5,32
1867,1589,1415,1107,624,37.7,36.5,2.72,2.94,0.45,2.3,39.2
1764,1454,1286,999,606,43.4,28.9,2.39,2.53,0.45,2.4,34.7
1768,1456,1285,1001,592,47.1,26.3,2.28,2.38,0.37,3.4,20.6
1772,1444,1272,1002,589,49.4,25.4,2.23,2.31,0.31,1,25.7
1747,1411,1229,1003,577,50.1,25.2,2.21,2.28,0.27,1.2,17
1780,1444,1264,1034,577,51.8,25.2,2.14,2.21,0.24,2.8,16.8
1788,1450,1264,1021,575,52.2,25.2,2.14,2.21,0.28,3.9,15.9
1817,1486,1310,1022,576,53.2,25,2.14,2.2,0.32,1.9,21.3
1914,1602,1469,1021,561,54.8,24.2,2.12,2.2,0.31,0.9,18.2
1940,1632,1502,1040,560,56.4,23.6,2.16,2.32,0.32,1.1,17.1
1808,1464,1285,1045,572,57,24.4,2.19,2.34,0.35,0.9,19.3
1774,1416,1222,1038,577,56.8,24.5,2.25,2.38,0.31,0.4,23.6
1736,1373,1168,1014,576,58.4,23.1,2.28,2.41,0.32,0.3,17.2
1760,1400,1201,1022,578,59.7,22.9,2.33,2.48,0.37,0.6,17.2
1806,1457,1274,1036,581,59.8,23.3,2.38,2.54,0.38,2.1,19
1975,1662,1491,1164,599,61.1,24.4,2.52,2.68,0.39,2.7,22.1
2062,1784,1621,1253,623,56.1,29.5,2.58,2.71,0.4,2.4,26.6
2126,1910,1768,1281,638,42.8,38.1,2.43,2.52,0.31,2.1,17.1
2140,1952,1816,1281,651,39.7,40,2.58,2.69,0.38,2.4,13
2169,2009,1886,1263,666,34.2,42.8,2.4,2.49,0.37,2.2,13.4
2104,1926,1793,1226,671,32.8,42.8,2.37,2.49,0.4,2.3,13.5
2079,1895,1757,1215,681,32,41.9,2.4,2.57,0.43,2.6,19.2
2052,1864,1724,1196,691,31.9,42,2.55,2.84,0.59,3.7,26.9
2004,1804,1659,1177,701,31.6,41.5,2.59,3.06,0.64,5.2,36.9
1831,1555,1388,1059,661,35,36.7,2.49,2.74,0.51,6.1,32.8
1774,1467,1295,1012,626,43.8,28.6,2.38,2.53,0.45,5.2,23
1759,1446,1268,1010,618,46.8,27.3,2.34,2.48,0.42,4.8,21.8
1754,1437,1260,1001,615,48.4,26.6,2.24,2.35,0.41,6.3,20.9
1755,1426,1245,1009,613,51.8,25.4,2.17,2.25,0.34,5.5,13.3
1759,1433,1250,1002,613,52.9,25.1,2.18,2.24,0.33,5.5,14.1
1758,1420,1232,1009,614,55.6,24.4,2.16,2.2,0.28,5.1,15
1755,1417,1224,1007,609,56.5,24.2,2.15,2.21,0.4,5.6,20.2
1775,1430,1238,1015,607,57.5,24,2.13,2.21,0.42,6.2,17.5
1771,1426,1232,1019,608,57.8,24.6,2.15,2.24,0.41,5.2,19.1
1764,1415,1223,1012,597,58.3,24.2,2.17,2.23,0.35,4.7,19.7
1757,1405,1207,1015,597,59.6,24,2.17,2.23,0.37,3.4,13.2
1767,1415,1228,1021,598,59.4,23.8,2.23,2.31,0.42,3,14.9
1776,1426,1232,1025,601,60.4,24,2.23,2.3,0.39,2.9,15.6
1796,1446,1259,1048,605,60.2,24.2,2.26,2.34,0.35,2.3,18.6
1804,1455,1267,1064,598,60.4,24.4,2.32,2.4,0.38,1.8,20.9
1967,1660,1486,1195,617,59.2,26.4,2.23,2.32,0.42,2.1,24.3
2035,1772,1616,1244,633,55.5,31.3,2.24,2.36,0.42,2.4,21.7
2097,1879,1740,1253,656,42.7,38.2,2.27,2.39,0.41,2.1,18.4
2084,1870,1734,1233,658,41,39.1,2.21,2.31,0.4,1.7,13.4
2071,1856,1721,1214,657,38.5,39.2,2.28,2.4,0.41,1.8,17
2046,1829,1684,1208,666,38,38.9,2.26,2.39,0.39,1.5,26.4
1999,1773,1620,1195,668,36.7,39.6,2.27,2.41,0.42,1.7,25.1
1940,1698,1535,1154,668,36.5,38.8,2.23,2.37,0.43,2.1,37.4
1855,1579,1406,1087,659,37.7,36.9,2.21,2.32,0.4,2.6,27.8
1781,1473,1296,1012,639,43.6,29.8,2.19,2.29,0.38,2.5,29.5
1754,1436,1251,1001,637,46.3,28,2.2,2.29,0.37,2.1,24.6
1748,1419,1230,989,621,50.3,25.7,2.22,2.29,0.37,2.1,16.8
1746,1411,1223,987,607,51.9,25,2.21,2.28,0.46,2.2,20.9
1754,1418,1232,998,592,54.3,24.2,2.17,2.23,0.34,3.1,20
1746,1405,1215,986,587,55.4,23.9,2.15,2.2,0.3,3.1,17.7
1758,1417,1232,978,575,57,23.4,2.15,2.21,0.34,2.6,15.2
1763,1416,1233,979,576,57.7,23.1,2.14,2.22,0.35,3.3,15.9
1759,1413,1227,983,573,58.3,23,2.15,2.21,0.31,2.8,14.4
1791,1445,1265,993,571,58,23.6,2.15,2.2,0.33,2.3,19.3
1772,1424,1243,976,562,57.3,23.5,2.2,2.27,0.39,3.6,41.1
1762,1408,1214,988,564,57.7,23.2,2.19,2.26,0.53,2.5,24.9
1756,1399,1208,977,559,57.3,23.4,2.22,2.3,0.44,2.1,29.7
1762,1410,1226,963,549,56.2,22.9,2.25,2.35,0.45,2.7,30.9
1830,1488,1307,1046,558,55.7,22.9,2.31,2.42,0.46,2.9,21.1
1900,1586,1406,1114,566,54.9,25.8,2.3,2.4,0.45,2.5,21.4
1995,1740,1584,1172,600,45,33.3,2.35,2.46,0.43,2.5,17.3
2004,1771,1624,1178,622,41.2,35.8,2.31,2.42,0.66,3,19.1
2049,1838,1695,1189,639,38.2,38,2.3,2.4,0.6,3.2,36.1
2027,1811,1670,1177,641,36.4,38.6,2.31,2.41,0.54,2.9,30.7
2018,1804,1654,1182,644,36,38.5,2.26,2.36,0.5,3.1,26.8
2034,1832,1691,1175,657,34.6,39.6,2.24,2.34,0.51,4.9,26.8
1888,1631,1468,1077,649,33.7,38.9,2.25,2.36,0.45,5.4,38.2
1756,1457,1290,957,629,34.7,35.5,2.24,2.35,0.43,4.7,16.3
1695,1379,1207,895,609,37.6,29.3,2.23,2.32,0.42,3.5,15.2
1671,1344,1168,866,591,44.1,23.3,2.21,2.29,0.46,3.5,20.4
1664,1329,1151,859,576,45.6,22.2,2.17,2.24,0.34,3.7,17.3
1687,1348,1167,879,562,47.5,21.4,2.16,2.21,0.38,3.5,21.2
1682,1339,1155,879,560,47.4,21.9,2.14,2.2,0.34,4.1,14.2
1676,1328,1138,882,544,48.2,21.5,2.18,2.25,0.43,6.1,14.2
1682,1336,1150,887,545,48.5,21.5,2.19,2.26,0.41,3.8,12.9
1666,1308,1123,859,537,49.5,20.6,2.18,2.27,0.43,3.6,15.9
1665,1304,1117,859,528,50.1,20.1,2.18,2.28,0.43,3.3,14.5
1655,1294,1104,853,526,51.1,19.7,2.18,2.29,0.49,4.1,17.9
1663,1297,1105,849,506,52.6,19.1,2.2,2.31,0.44,5,15.7
1659,1284,1099,848,493,53,18.9,2.2,2.31,0.47,4.9,17.5
1664,1294,1101,853,494,54.3,18.5,2.21,2.31,0.44,5,22.8
1683,1310,1116,861,485,54.4,18.4,2.21,2.32,0.46,3.8,11.7
1742,1370,1171,932,496,54.3,20.7,2.2,2.31,0.46,2.8,14
1765,1399,1205,960,499,52.5,22.4,2.22,2.32,0.46,3.9,16.9
1823,1472,1280,1034,507,50.5,24,2.24,2.34,0.44,3.9,20.5
1856,1535,1357,1057,535,44,30.3,2.27,2.39,0.45,3.6,18.5
1881,1587,1407,1072,544,42.2,30.5,2.24,2.35,0.47,1.6,22.4
1892,1598,1422,1080,561,39.7,32.4,2.24,2.33,0.42,1.4,20
1848,1535,1362,1045,566,39.1,33.2,2.29,2.38,0.4,1.5,28.8
1748,1413,1233,946,545,39.1,29.7,2.28,2.4,0.44,1.6,17.9
1727,1389,1205,933,534,40.7,27.3,2.35,2.47,0.47,1.7,21.2
1670,1316,1131,879,511,42.3,24.4,2.23,2.34,0.42,1.7,19.5
1653,1298,1110,861,511,43.4,22.8,2.19,2.27,0.35,1.8,15.2
1680,1326,1148,854,503,44.5,21.7,2.17,2.25,0.37,1.7,16.4
1641,1275,1091,838,491,45.5,20.7,2.16,2.26,0.37,1.9,16.8
1630,1258,1070,827,476,46,19.9,2.16,2.26,0.38,2.5,18.2
1617,1245,1050,816,473,46.3,19.6,2.16,2.27,0.36,2.1,17.6
1619,1245,1056,810,467,46.6,19,2.17,2.29,0.35,2.1,16.7
1615,1235,1045,800,453,47.4,18.1,2.13,2.24,0.31,1.4,15.9
1599,1218,1022,783,446,47.6,17.9,2.15,2.27,0.35,1.3,16.9
1589,1210,1014,767,441,47.7,16.8,2.17,2.29,0.41,1.1,21.4
1584,1200,1005,759,427,47.6,16.5,2.17,2.29,0.35,1,17.9
1580,1197,1000,750,426,47.3,16.4,2.16,2.28,0.29,1.1,15.7
1585,1200,1012,742,419,46.8,15.9,2.16,2.28,0.31,1.2,18.1
1581,1197,1002,739,417,47.1,15.5,2.15,2.25,0.27,0.9,18.6
1572,1186,988,727,405,47.7,15.2,2.15,2.24,0.3,1.7,30.6
1581,1190,1000,725,397,49.5,14.1,2.13,2.22,0.28,2.2,21.9
1623,1234,1059,757,386,51.5,14,2.13,2.22,0.28,2.1,18.9
1625,1234,1057,760,379,51.4,14.7,2.15,2.24,0.28,2.2,26.1
1630,1233,1051,779,379,51.3,15,2.13,2.22,0.28,2.2,14
1648,1255,1068,806,371,49.9,17.6,2.1,2.2,0.3,2.1,11.8
1666,1267,1075,833,368,48.1,17.7,2.15,2.25,0.29,2.2,24.5
1684,1288,1096,856,368,45.9,20.7,2.15,2.26,0.25,2.6,19.9
1679,1284,1095,846,368,44.6,21.3,2.18,2.29,0.28,2.2,41.5
1680,1292,1105,833,368,43.9,21.1,2.16,2.28,0.31,2.4,31.9
1666,1286,1111,788,357,44.5,20.5,2.17,2.33,0.39,2.4,33.2
1623,1234,1057,754,352,45.5,17.3,2.15,2.35,0.34,2.2,34.6
1614,1222,1043,749,346,46.8,16.4,2.2,2.49,0.37,2.1,42.9
1614,1218,1039,748,342,47.6,15.8,2.17,2.4,0.36,2.4,32.9
1629,1235,1056,752,342,48.5,15.6,2.15,2.33,0.32,2.6,43.7
1635,1249,1073,757,336,48.9,15.6,2.15,2.31,0.31,3,27.6
1623,1232,1050,764,339,49.1,15.7,2.15,2.31,0.36,2.5,19.5
1612,1216,1035,753,338,49,15.7,2.18,2.33,0.5,2.4,26.6
1608,1213,1036,747,334,49.7,14.6,2.17,2.33,0.35,2.5,24.5
1613,1216,1034,751,335,50.5,14.3,2.17,2.34,0.34,2.4,19.8
1608,1205,1009,766,335,50,15.2,2.18,2.33,0.28,2,19
1603,1200,1007,753,336,49.7,15.3,2.18,2.32,0.29,1.9,21.2
1594,1194,996,742,331,49.3,15.2,2.19,2.33,0.36,2.3,21.8
1620,1225,1038,761,336,50.4,14.5,2.18,2.32,0.32,2.2,20.4
1623,1224,1034,761,338,50.3,15,2.17,2.31,0.27,2.9,20.4
1665,1261,1070,807,339,49.7,16.3,2.18,2.31,0.32,3,16.5
1696,1295,1100,847,341,49.4,17.3,2.18,2.31,0.34,2.8,16.1
1831,1455,1261,991,365,46.7,23.2,2.19,2.31,0.31,2.9,22.2
1866,1508,1320,1040,384,42.5,27.5,2.18,2.3,0.31,3.2,22.6
1867,1519,1335,1022,396,38.7,30.6,2.15,2.27,0.31,3.2,12.9
1877,1535,1370,1020,416,35.8,32.4,2.21,2.34,0.34,3.3,15.2
1819,1476,1299,974,421,35.8,32.2,2.19,2.31,0.3,2.5,16
1805,1457,1287,958,431,35.3,29.7,2.23,2.36,0.33,3.2,26.4
1791,1449,1285,916,432,35.8,29.2,2.21,2.35,0.38,3.7,49.8
1692,1332,1158,845,417,36.7,26.8,2.2,2.34,0.42,4,32.5
1674,1309,1137,810,407,38.4,23.4,2.21,2.35,0.4,4.5,29.7
1649,1281,1109,776,385,41.6,19.7,2.2,2.34,0.42,4.2,26
1642,1262,1088,775,375,42.6,18.7,2.21,2.34,0.43,3.7,25.7
1632,1253,1074,771,368,43.5,18.1,2.16,2.25,0.39,3.6,19.7
1658,1279,1099,787,361,44.5,18.2,2.15,2.25,0.38,3.3,19.2
1655,1274,1088,793,363,44.9,18.3,2.15,2.55,0.63,3.2,16.3
1656,1270,1088,795,357,45.2,18.4,2.18,2.28,0.4,3.4,17.5
1646,1258,1072,785,360,45.3,18.4,2.19,2.33,0.46,3.6,23.2
1653,1263,1072,796,358,46,18,2.2,2.39,0.52,3.8,39.4
1657,1263,1075,800,358,46.3,18.1,2.21,2.4,0.46,3.6,38.3
1667,1272,1087,804,354,47.2,18,2.23,2.43,0.46,3.2,30.3
1669,1276,1088,805,357,47.5,18.1,2.25,2.46,0.45,3.3,24.5
1652,1260,1068,803,354,47.6,18,2.25,2.47,0.44,3.3,24.1
1671,1275,1085,817,352,48.3,17.8,2.21,2.4,0.4,3.2,22.1
1736,1341,1148,884,370,48.9,18,2.23,2.38,0.43,3.5,21.7
1821,1454,1265,987,391,44.8,24.6,2.25,2.41,0.43,3.4,23.7
1840,1479,1290,992,400,41,27.7,2.26,2.4,0.44,3.2,19.9
1606,1208,918,868,-200,39,24.6,2.25,2.41,0.43,3.3,23.3
1599,1200,925,862,-200,40,24.5,2.22,2.4,0.4,3.1,18.1
1600,1201,915,870,-200,40.5,24.4,2.26,2.42,0.41,2.9,22.2
1580,1183,879,880,-200,38.2,25.7,2.29,2.45,0.42,2.8,19.7
1802,1412,1201,983,-200,38.1,25.8,2.29,2.48,0.46,3.3,24.4
1839,1450,1253,997,1175,36.5,32,2.22,2.39,0.44,3.7,28
1771,1384,1214,857,1102,39.8,26.2,2.25,2.45,0.48,4,28.2
1758,1377,1216,834,1072,41,23.1,2.21,2.37,0.48,4.6,24.5
1757,1376,1220,818,1049,41.3,21.7,2.2,2.38,0.47,4.5,21.7
1744,1365,1228,777,1007,41.3,19.9,2.19,2.36,0.46,3.9,23.1
1740,1365,1232,752,993,41.5,18.7,2.21,2.33,0.51,3.8,27.7
1736,1360,1232,741,976,41.6,17.9,2.2,2.33,0.52,3.6,21.2
1734,1362,1245,721,947,41.5,16.9,2.19,2.3,0.45,3.1,26.2
1735,1369,1254,728,944,41.5,16.4,2.18,2.29,0.44,3,24
1750,1385,1266,750,931,41.2,17.2,2.18,2.33,0.54,3,23.1
1750,1385,1269,747,923,41,17.5,2.19,2.35,0.55,2.7,33.2
1746,1387,1274,734,912,41,17,2.23,2.43,0.68,3,37.3
1748,1388,1280,731,905,41,16.6,2.22,2.43,0.54,2.8,26.2
1744,1388,1282,712,886,41.1,16.3,2.26,2.46,0.52,2.7,26.6
1743,1387,1291,706,881,41.2,15.7,2.25,2.42,0.57,2.8,24.7
1745,1388,1295,709,881,41.3,15.4,2.25,2.43,0.58,2.9,23.9
1820,1456,1343,835,896,42,16.8,2.27,2.43,0.51,3.1,25.7
1868,1505,1374,913,912,40.8,21.4,2.27,2.44,0.53,3.3,32.4
1964,1617,1472,1042,963,38.4,29.2,2.28,2.45,0.51,3.4,27.3
1991,1647,1516,1076,995,38,32,2.27,2.43,0.49,3.1,23.5
2035,1705,1579,1109,1032,37.9,34.5,2.26,2.41,0.47,2.9,24.2
2041,1713,1586,1104,1040,38.4,34.9,2.29,2.47,0.47,2.8,17.8
2079,1743,1606,1130,1060,40.5,34.2,2.31,2.49,0.45,2.3,24.3
-200,-200,-200,-200,-200,-200,-200,2.31,2.46,0.5,2.7,30.9
2020,1696,1588,1022,1023,41.8,31.7,2.29,2.47,0.58,4,45.3
1980,1655,1568,944,1006,42.5,29.9,2.31,2.49,0.56,4.1,37
1949,1630,1558,881,982,44.5,25.1,2.27,2.42,0.53,4.7,37
1920,1608,1555,832,946,45.5,20.7,2.23,2.37,0.49,4.2,30
1911,1604,1554,826,941,45.3,19.7,2.2,2.3,0.46,3.6,16.4
1896,1588,1535,800,912,44.7,19,2.17,2.24,0.44,3.4,13.8
1886,1588,1539,787,900,44.4,18.5,2.15,2.24,0.41,4.3,18.3
1880,1583,1535,783,896,44.3,18.1,2.16,2.24,0.43,3.7,19.4
1871,1582,1535,762,871,44,17.4,2.17,2.26,0.43,3.2,25.2
1868,1575,1535,759,866,43.6,17,2.18,2.29,0.48,2.7,14.8
1860,1569,1535,752,851,43.7,16.4,2.2,2.31,0.49,2.8,14.4
1859,1568,1534,755,848,43.5,16.5,2.25,2.38,0.56,3.1,22.4
1843,1543,1520,740,842,43,16.5,2.26,2.42,0.59,3.5,25.2
1842,1543,1521,738,833,43.1,16,2.27,2.42,0.62,3.8,23.8
1837,1535,1511,736,830,43,16,2.3,2.47,0.65,4.2,30.3
1841,1535,1515,752,828,43.2,15.9,2.31,2.5,0.63,3.2,30.7
1873,1581,1529,823,835,43.3,16.4,2.3,2.52,0.59,2.4,25.3
1970,1669,1586,983,866,41.4,24,2.39,2.62,0.58,2.5,25.3
2018,1718,1620,1069,890,41,28,2.31,2.47,0.5,2.3,29.8
2111,1820,1726,1171,959,39,35,2.37,2.53,0.48,2.1,30.8
2113,1828,1723,1162,981,37.7,37.7,2.26,2.43,0.47,1.7,25.5
2127,1827,1729,1149,996,40.7,35.8,2.4,2.61,0.49,1.8,25.3
2135,1835,1735,1161,1009,41.4,35.7,2.41,2.61,0.5,1.1,24.8
2126,1839,1742,1140,1008,40.8,36.1,2.39,2.57,0.6,1.9,24.8
2060,1772,1701,1010,982,43.2,31.7,2.34,2.49,0.5,2.3,26.3
2026,1744,1688,958,970,44.6,28.3,2.27,2.43,0.49,2.9,29.2
1973,1705,1669,884,933,45.5,23.6,2.22,2.34,0.49,3.3,13.2
1968,1693,1665,862,915,45.9,21.7,2.21,2.32,0.45,3.1,12.4
1939,1673,1650,832,898,45.2,20.8,2.19,2.26,0.41,2.5,12.1
1930,1663,1644,819,883,45.2,19.8,2.18,2.24,0.4,2.9,12.6
1906,1645,1629,799,871,44.9,18.8,2.17,2.23,0.36,2,12.5
1903,1641,1624,796,858,44.7,18.4,2.19,2.25,0.37,1.4,14.6
1892,1631,1616,784,849,44.6,18.1,2.2,2.27,0.41,1.9,11.9
1876,1616,1600,777,837,44.4,17.8,2.23,2.32,0.44,2,19.1
1872,1610,1596,770,835,44.2,17.6,2.26,2.39,0.55,2.4,27.9
1866,1601,1586,774,821,44.1,17.2,2.28,2.41,0.55,2,22.6
1860,1593,1581,768,819,44,17,2.31,2.44,0.62,2.5,24.4
1850,1587,1568,766,807,43.6,17.2,2.33,2.48,0.63,2.8,27.2
1848,1583,1564,763,806,43.7,16.9,2.33,2.47,0.66,2.8,28.4
1850,1583,1559,777,800,43.9,16.8,2.3,2.44,0.57,2.9,21.2
1875,1604,1562,835,811,43.8,17.8,2.3,2.43,0.49,2.8,20.1
1939,1660,1595,944,822,43.1,20.6,2.32,2.46,0.51,2.6,18.8
2012,1731,1644,1050,855,40.2,29.1,2.33,2.46,0.48,2.4,16.7
2041,1762,1677,1094,880,39.6,31.9,2.3,2.43,0.45,2.4,21.3
2081,1807,1718,1119,912,39,35.1,2.27,2.37,0.46,2.4,22.5
2082,1797,1710,1108,919,39.6,35,2.31,2.43,0.5,2.2,14.7
2119,1828,1730,1139,955,40.9,35.9,2.32,2.44,0.49,1.6,12.8
2065,1786,1711,1050,941,40.4,36,2.31,2.43,0.51,2.5,28.4
2057,1777,1707,1035,934,44,30.6,2.28,2.39,0.5,2.9,29.1
2001,1732,1687,942,912,44.9,27.2,2.27,2.38,0.51,3.3,20.4
1980,1715,1682,908,895,45.4,25.2,2.26,2.36,0.46,3.7,16.2
1956,1699,1674,867,871,45.5,22.3,2.25,2.34,0.42,3.3,21.7
1945,1686,1667,859,869,45.4,21.7,2.24,2.32,0.46,3.4,23.7
1931,1672,1655,838,850,44.9,21,2.2,2.26,0.38,2.8,7.6
1923,1665,1647,835,845,44.7,20.7,2.22,2.3,0.4,3.3,9
1907,1657,1638,820,831,44.4,20,2.24,2.34,0.46,2.6,10.6
1907,1652,1634,813,831,44.4,19.8,2.26,2.36,0.48,2.9,11.9
1903,1646,1622,808,822,44.2,19.7,2.26,2.37,0.5,2.9,13.4
1894,1639,1615,814,812,44,19.5,2.26,2.37,0.48,2.5,13
1890,1634,1613,811,816,43.9,19.6,2.28,2.39,0.47,3,16.7
1885,1629,1610,796,803,43.6,19.4,2.29,2.41,0.49,3.2,21.3
1879,1623,1605,799,801,43.7,18.9,2.28,2.4,0.5,3,18.7
1867,1614,1595,776,790,43.7,18.5,2.28,2.39,0.53,3,20
1863,1607,1592,780,785,43.8,18,2.32,2.44,0.57,2.4,23.1
1977,1711,1648,974,815,44.7,21.5,2.3,2.41,0.51,1.9,21
2033,1766,1683,1055,835,41.7,27.5,2.33,2.44,0.63,2.7,24.1
2084,1810,1728,1113,858,40.3,31.8,2.3,2.42,0.57,2.7,25.9
2112,1854,1776,1153,883,39,34.8,2.33,2.48,0.72,3,26.8
2174,1928,1853,1202,946,38.8,38.3,2.31,2.45,0.54,2.7,20.9
2191,1940,1863,1191,959,40.1,37.9,2.37,2.51,0.54,1.8,33.6
2198,1957,1887,1184,976,41.3,37.7,2.4,2.54,0.52,1.1,26.8
2198,1943,1875,1176,985,41.8,37.2,2.38,2.54,0.66,1.8,30.2
2147,1890,1837,1101,963,42.3,36.4,2.3,2.45,0.62,3.5,36.9
2100,1850,1822,1007,946,43.5,33,2.3,2.44,0.64,4.2,26.8
2042,1807,1801,923,909,46.9,25,2.3,2.41,0.59,3.7,25
2031,1799,1796,921,900,47.2,23.7,2.25,2.33,0.54,3.2,20.8
2021,1792,1788,903,883,46.2,23.1,2.23,2.29,0.44,1.3,11.1
2015,1790,1790,898,880,46.2,23,2.2,2.24,0.4,2.2,12.2
1990,1764,1769,884,864,45.6,22.3,2.2,2.24,0.42,1.9,14.5
1981,1755,1760,878,849,45.8,21.7,2.24,2.27,0.45,2.3,15
1973,1746,1744,874,848,45.6,21.3,2.22,2.3,0.51,2.2,18.8
1975,1744,1739,880,848,45.5,21.7,2.23,2.31,0.52,1.3,21.4
1970,1741,1734,891,842,45,22.3,2.25,2.33,0.53,1.4,30.5
1962,1731,1719,886,842,44.7,22.5,2.28,2.38,0.63,1.8,30.9
1950,1719,1709,873,832,44.7,22.3,2.28,2.39,0.6,2,16.3
1932,1700,1689,855,825,45,21,2.27,2.37,0.58,2,19.7
1934,1700,1684,862,821,45,20.8,2.28,2.38,0.56,2,20.2
1935,1696,1677,879,818,44.8,21.5,2.29,2.4,0.55,2,17.1
1942,1705,1677,900,822,44.6,22.1,2.3,2.41,0.56,2.2,15.5
1978,1735,1683,965,838,43.9,25,2.28,2.38,0.52,2.3,12.1
2006,1767,1712,1008,843,43.6,26.4,2.29,2.38,0.54,2.2,17.3
2066,1822,1749,1096,863,42.7,28.9,2.32,2.41,0.53,2.3,16.8
2106,1863,1786,1144,880,40.8,33.4,2.29,2.38,0.53,2.6,10.2
2169,1936,1855,1201,918,39.3,37.8,2.32,2.42,0.53,2.4,10.4
2190,1955,1872,1219,943,40.7,38.4,2.35,2.47,0.53,1.6,15.3
2223,2002,1928,1234,957,41.5,38.5,2.35,2.46,0.54,2.2,27.4
2374,2193,2233,1179,976,42.8,37.5,2.33,2.46,0.56,2.2,26.8
2420,2260,2357,1123,955,44.1,35.1,2.27,2.39,0.57,2.2,34.4
2470,2334,2487,1059,943,46.5,31.1,2.29,2.43,0.51,2.3,35.8
2537,2431,2651,1005,915,48.2,26,2.28,2.42,0.52,2.7,24.8
2557,2458,2703,987,905,48,25,2.27,2.44,0.52,1.9,16.5
2581,2489,2756,970,894,47.5,23.7,2.22,2.3,0.46,2.5,15.9
2551,2467,2737,967,883,47.5,23.2,2.23,2.31,0.48,3.2,18.4
2496,2411,2684,945,874,46.9,22.7,2.23,2.32,0.52,4.6,22.8
2473,2384,2663,937,867,46.7,22.5,2.26,2.36,0.53,4.3,23.6
2435,2351,2624,919,854,46.5,21.7,2.28,2.38,0.54,4.1,25.4
2417,2328,2605,924,853,46.5,21.7,2.26,2.38,0.52,2.7,23.6
2395,2309,2582,909,848,46.2,21.7,2.27,2.41,0.48,2.5,18.9
2361,2273,2542,891,836,46,21.1,2.32,2.45,0.51,2.1,22.3
2344,2254,2522,892,835,46,20.8,2.37,2.54,0.5,1.7,22.1
2309,2216,2478,880,823,45.9,20.3,2.49,2.64,0.55,2.6,21.7
2295,2200,2459,888,820,45.8,20.2,2.5,2.66,0.57,3.3,18
2325,2220,2415,1065,851,46.2,23.1,2.51,2.68,0.54,2.6,19.7
2353,2235,2405,1138,867,43.1,29.7,2.5,2.68,0.52,1.6,26
2515,2412,2557,1281,929,39.5,38.7,2.55,2.78,0.55,1.5,26.7
2598,2495,2659,1307,960,38.7,41.8,2.61,2.82,0.56,1.4,28
-200,-200,-200,-200,-200,-200,-200,2.66,2.97,0.56,1.3,34.8
2760,2674,2870,1295,1006,40,42.4,2.73,3.21,0.5,1.1,28
2808,2735,2944,1307,1009,42.5,40.4,2.82,3.31,0.52,0.7,32.9
2895,2832,3056,1296,1010,43.9,39.1,2.87,3.59,0.79,1,48.5
2924,2864,3105,1291,1014,42.4,40.7,2.99,3.52,0.82,1.6,51.3
2961,2914,3188,1166,987,44.7,36.7,2.71,3,0.64,2.8,31.3
2983,2941,3221,1109,970,48,31.2,2.38,2.59,0.46,2.4,17.3
3003,2961,3248,1069,951,49,28.3,2.3,2.43,0.41,2,17.4
3027,2989,3269,1042,927,49,25.7,2.28,2.41,0.36,3.1,14.6
3041,3000,3280,1027,923,48.5,25,2.29,2.37,0.4,5.1,17.9
3060,3014,3289,1000,906,48.4,23.3,2.27,2.36,0.43,4,17.2
3066,3021,3291,999,894,48,23,2.22,2.27,0.37,3.8,15.6
3075,3020,3290,984,881,47.4,22.6,2.22,2.27,0.38,3.8,14.9
3082,3024,3294,976,878,47.4,22.2,2.18,2.28,0.45,1.9,18.9
3087,3023,3291,966,869,47.1,21.7,2.18,2.23,0.43,1,23.5
3078,3015,3287,959,861,46.9,21.6,2.26,2.28,0.49,0.5,39.9
3068,3010,3281,963,857,46.7,21.5,2.31,2.4,0.56,0.4,30.3
3072,3005,3279,953,846,46.5,21.1,2.31,2.43,0.51,0.6,39.8
3073,3005,3279,949,847,46.4,20.9,2.41,2.52,0.51,0.1,45.3
3064,3003,3277,964,835,46.4,20.5,2.35,2.45,0.38,1.3,16
3053,3023,3286,1064,849,46.5,21.1,2.46,2.59,0.4,2.7,17
3057,3055,3312,1245,894,43.1,32.2,2.59,2.76,0.41,4,22.2
3070,3070,3320,1305,919,41.3,37.2,2.59,2.8,0.4,4.6,19
3115,3112,3346,1361,970,39.3,42.5,2.61,2.79,0.42,4.3,18.6
3124,3117,3350,1344,982,39.2,43.5,2.82,2.94,0.41,4,15.5
3149,3137,3370,1365,995,39.5,43.2,2.91,3.09,0.4,4.2,16.9
3174,3152,3385,1350,1012,42.2,42.1,2.71,2.9,0.41,3.4,26
3179,3153,3389,1341,1011,43,41.2,2.62,2.87,0.53,5,32.9
3196,3167,3403,1318,1019,43,41,2.61,2.84,0.66,7.2,38.6
3196,3152,3393,1256,1005,43.7,39.8,2.65,2.86,0.73,8.5,56.5
3214,3149,3398,1127,973,48.8,30.6,2.67,2.87,0.69,5.5,61.5
3216,3138,3385,1104,958,49.6,28.4,2.37,2.46,0.43,4.6,22.4
3208,3134,3384,1093,946,49.4,27.2,2.27,2.35,0.4,5.8,16
3201,3112,3370,1048,928,48.6,25.6,2.21,2.27,0.34,4.9,11.5
3200,3105,3362,1029,915,48.5,24.7,2.23,2.29,0.34,5.1,11.1
3184,3088,3349,1018,893,48.2,23.4,2.18,2.23,0.33,5.3,11.2
3178,3074,3343,1009,892,48,23.2,2.15,2.2,0.3,5.3,13.6
3162,3055,3324,988,878,47.5,22.5,2.16,2.23,0.4,5.7,18.1
3152,3049,3319,981,871,47.4,22,2.18,2.28,0.4,3.8,18.8
3135,3032,3307,974,859,47.1,21.6,2.19,2.29,0.42,3.4,22.8
3133,3023,3298,960,846,47,21.5,2.44,2.64,0.71,2.9,46.6
3124,3020,3293,974,848,46.8,21.2,2.44,2.68,0.78,2.5,38
3092,2998,3275,972,846,46.3,21.9,2.56,2.85,0.74,2.6,36.7
3087,2992,3272,977,841,46.4,22,2.7,3.16,0.58,2.6,32.4
3048,3004,3274,1136,859,46.5,25.3,2.58,3.31,0.48,4.8,25.9
3036,3010,3274,1179,879,43.3,30.6,2.45,2.87,0.43,4.5,15.2
3048,3038,3285,1323,915,41.1,37.9,2.44,2.99,0.39,4.3,14
3049,3038,3287,1328,942,39.7,41.7,2.46,2.95,0.36,4.3,12.7
3056,3034,3286,1293,960,39.3,43.2,2.45,2.98,0.37,4.1,10.7
3067,3045,3295,1294,969,42,40.3,2.46,2.85,0.37,4.1,11.2
3073,3051,3304,1309,971,43.4,39.2,2.73,3.07,0.55,3.6,33.3
3070,3047,3298,1290,978,42.4,40.3,3.02,3.26,0.57,4.3,34.5
3065,3034,3290,1252,976,42.9,39.4,2.79,3,0.59,5.3,36.7
3057,3006,3275,1118,945,45.3,35.1,2.41,2.55,0.4,4.9,21.1
3061,2991,3268,1068,927,48,30.1,2.26,2.36,0.36,5.6,18.3
3050,2964,3248,1011,899,49.5,24.8,2.19,2.25,0.29,4.4,13.5
3034,2948,3232,993,890,49.3,23.8,2.24,2.3,0.36,4.2,13.6
2998,2915,3206,983,880,49,23.2,2.2,2.25,0.36,5.3,13.2
2926,2851,3151,968,867,48.4,22.3,2.24,2.29,0.34,4.8,13.6
2891,2822,3117,953,858,47.8,22.5,2.17,2.21,0.32,4.6,18.1
2823,2760,3059,936,853,47.7,21.7,2.17,2.22,0.33,3.8,21.3
2784,2731,3029,929,848,47.4,21.7,2.19,2.27,0.41,3.1,16.9
2704,2659,2964,918,838,47,22,2.22,2.31,0.41,2.9,18.9
2672,2625,2938,929,827,46.8,21.7,2.25,2.34,0.47,2.8,19.8
2608,2564,2881,934,829,46.5,22.5,2.26,2.35,0.45,2.4,20.1
2563,2547,2852,938,819,46.2,22.8,2.26,2.35,0.44,3.8,14.8
2540,2516,2820,936,822,46.1,23,2.27,2.37,0.49,4.3,16.2
2476,2454,2754,935,812,46,23.1,2.32,2.44,0.54,3.6,18.4
2452,2435,2730,973,818,46,23.5,2.36,2.49,0.54,2.6,24.1
2413,2407,2676,1051,823,44.9,26.9,2.41,2.52,0.45,2.6,26.5
2438,2426,2690,1085,842,44,29.4,2.38,2.51,0.49,2.4,30.3
2518,2504,2752,1190,862,43,33.1,2.36,2.54,0.57,2.5,26.8
2559,2548,2775,1242,883,42,36.3,2.34,2.52,0.48,2.5,31.6
2645,2630,2856,1265,925,41.7,39.5,2.35,2.51,0.43,2.8,27.4
2673,2657,2888,1256,930,41.9,40.2,2.34,2.49,0.42,2.3,36.3
2695,2673,2914,1242,935,42.4,39.9,2.33,2.5,0.44,2.3,31
2730,2704,2961,1150,919,45.4,35.3,2.33,2.45,0.46,2,19.9
2738,2714,2977,1107,912,46.4,32.8,2.3,2.41,0.41,2.3,20.7
2772,2736,3007,1049,887,47.8,28.6,2.31,2.41,0.4,2.7,20.7
2785,2737,3014,1040,879,48.1,27.3,2.31,2.41,0.42,1.6,21.2
2796,2745,3027,1005,865,47.7,26.1,2.28,2.36,0.44,1.4,26.7
2793,2741,3023,994,855,47.7,25.3,2.27,2.32,0.37,1.6,18.8
2780,2733,3015,978,848,47.6,25,2.24,2.28,0.34,2.3,16
2768,2714,3004,965,839,47.7,23.4,2.26,2.29,0.32,2.4,16.9
2758,2706,2999,964,842,47.5,23.5,2.24,2.31,0.36,1.7,25.9
2749,2704,2991,976,831,46.7,24.2,2.25,2.33,0.38,1.3,30.8
2745,2696,2985,969,827,46.5,24.4,2.25,2.36,0.41,1.6,29.7
2726,2679,2970,957,822,46.5,23.9,2.31,2.43,0.45,1.3,24
2718,2671,2961,947,817,46.7,23.7,2.37,2.45,0.42,1.2,33.3
2696,2652,2943,945,806,46.5,23.4,2.28,2.35,0.28,0.6,19
2686,2643,2934,951,814,46.5,23.4,2.31,2.42,0.41,0.4,19.2
2675,2637,2925,961,813,46.5,23.7,2.4,2.49,0.35,2.6,20.9
2659,2624,2912,980,809,46,24.4,2.49,2.58,0.36,3.8,18.6
2652,2627,2912,1010,809,45.7,25,2.55,2.65,0.42,4.7,15.5
2649,2639,2906,1119,831,44.1,29.5,2.4,2.48,0.38,5,13
2664,2654,2907,1200,851,43,32.5,2.39,2.5,0.45,4.9,15
2671,2658,2917,1167,860,43.4,34.5,2.39,2.52,0.47,2.8,15.8
2693,2683,2928,1215,871,44.3,34.2,2.52,2.65,0.55,2.8,23.9
2705,2693,2945,1165,885,44.1,35.6,2.4,2.51,0.49,2.6,38.7
2704,2688,2944,1137,881,45.5,33.9,2.29,2.36,0.55,3.3,20.3
2704,2685,2953,1102,875,45.9,32.3,2.29,2.36,0.45,3.4,25.3
2706,2677,2955,1055,858,47.5,28.5,2.33,2.43,0.54,3.1,28.7
2710,2678,2956,1028,850,47.6,27.8,2.32,2.43,0.57,3,34.1
2717,2684,2961,1018,840,47.7,26.4,2.29,2.39,0.5,3.3,18.1
2719,2683,2962,1018,838,47.5,26.4,2.3,2.4,0.46,3.7,14
2712,2673,2955,1002,827,47.2,26,2.25,2.32,0.45,3.7,15.2
2696,2654,2939,977,829,47.2,25.4,2.23,2.33,0.53,3.9,12.1
2688,2643,2931,965,820,47.4,24.4,2.22,2.28,0.48,3.7,13.1
2669,2625,2914,965,810,47.5,23.8,2.22,2.25,0.36,4.9,16.9
2657,2614,2900,959,811,47.2,23.8,2.2,2.28,0.42,5.4,15
2638,2596,2885,922,795,47.1,22.5,2.25,2.36,0.57,4.5,14.9
2629,2585,2876,924,791,47.3,22,2.42,2.54,0.6,3.8,29.3
2615,2559,2862,925,784,46.9,21.9,2.37,2.44,0.48,3.1,26.5
2605,2556,2848,921,790,46.8,22,2.3,2.37,0.4,2.8,33.8
2579,2537,2831,920,782,47,21.7,2.24,2.28,0.42,2.5,33.8
2559,2534,2823,926,783,46.8,21.9,2.3,2.36,0.42,2.7,21.4
2559,2534,2825,967,784,46.7,22.4,2.3,2.37,0.46,2.7,14.7
2534,2511,2796,1005,787,45.5,25.6,2.26,2.33,0.54,3.3,22.1
2519,2508,2777,1041,784,45.4,26.4,2.32,2.41,0.57,4.9,15.3
2493,2481,2743,1087,798,44.4,29.5,2.37,2.47,0.5,4.6,23.5
2479,2467,2724,1087,791,44.5,30.2,2.35,2.45,0.48,4.5,20.4
2504,2492,2733,1166,817,44.2,32.2,2.38,2.48,0.52,4.3,48.5
2525,2511,2736,1220,835,43.6,34.6,2.38,2.49,0.47,3.9,32.1
2547,2521,2732,1266,880,41.1,40.2,2.39,2.51,0.62,4.2,25.4
2526,2508,2732,1203,878,41.7,40.4,2.29,2.39,0.55,4.5,41
2510,2490,2724,1139,869,45.4,35.6,2.2,2.28,0.43,4.4,29.1
2503,2477,2735,1041,850,48.3,29.2,2.14,2.53,0.35,4.5,19.4
2508,2480,2744,1014,845,48.9,27.3,2.13,2.2,0.41,4.1,23
2507,2479,2750,964,830,49,25,2.11,2.18,0.3,3.4,22.7
2503,2473,2748,945,822,48.9,24,2.11,2.18,0.26,5.5,30
2504,2469,2746,929,807,48.6,22.4,2.11,2.2,0.26,5.5,22
2504,2466,2746,929,807,48.5,22.2,2.12,2.2,0.27,5.2,11.1
2500,2462,2738,919,805,48.2,22,2.14,2.22,0.25,4.9,26.9
2495,2460,2737,912,791,47.7,22,2.16,2.25,0.4,5.5,19.8
2497,2461,2740,919,793,47.7,21.7,2.23,2.41,0.47,3.8,22.3
2484,2450,2733,903,784,47.2,22.2,2.28,2.48,0.52,3,24.5
2481,2449,2731,912,781,47.2,21.9,2.25,2.36,0.47,2.7,20.3
2479,2442,2720,913,781,46.9,22.3,2.23,2.35,0.43,2.9,22.7
2479,2441,2719,916,781,46.7,22.3,2.3,2.45,0.46,4,18.8
2477,2442,2716,922,779,47,21.9,2.3,2.49,0.48,3.5,26
2472,2444,2709,961,776,46.7,22.6,2.33,2.52,0.53,2.7,27.6
2457,2432,2701,963,778,46.1,24.4,2.33,2.5,0.56,2.7,27
2482,2464,2706,1089,794,45,28,2.32,2.45,0.54,2.6,23.5
2481,2466,2704,1092,805,43.3,31.6,2.3,2.43,0.5,2.4,17
2502,2476,2698,1175,830,43,33.6,2.28,2.4,0.5,2.3,17.6
2482,2456,2668,1179,842,42.7,35.9,2.33,2.46,0.46,2.3,18.8
2495,2458,2640,1262,869,42.9,38.3,2.35,2.46,0.45,1.3,15.3
2495,2451,2641,1245,883,41.6,40.6,2.31,2.42,0.52,2.1,26.3
2491,2453,2669,1149,877,45.2,35,2.34,2.46,0.54,2.6,35.5
2476,2444,2677,1064,858,45.5,34,2.34,2.49,0.62,2.9,27.6
2479,2449,2697,1005,843,48.5,29,2.35,2.5,0.58,3.4,30
2490,2453,2715,947,825,49.5,24.7,2.27,2.42,0.68,3.3,30.9
2493,2456,2724,940,821,49.5,23.5,2.26,2.38,0.57,2.5,25.5
2493,2456,2726,915,805,49,22.1,2.2,2.29,0.41,1.7,16.8
2491,2449,2725,914,803,48.7,21.9,2.19,2.29,0.43,1.9,21
2492,2448,2724,896,791,48.4,21.4,2.2,2.28,0.4,4.8,16.2
2490,2449,2724,910,789,48.2,21.1,2.18,2.25,0.46,2.9,15.4
2485,2448,2726,907,791,48,21.2,2.17,2.27,0.43,1.6,19.1
2472,2431,2709,917,781,47.3,22,2.18,2.29,0.39,1,14.5
2474,2438,2704,915,784,47.1,22.2,2.23,2.34,0.42,0.8,16.6
2465,2428,2700,919,775,46.9,22.5,2.25,2.36,0.4,0.7,15.8
2464,2424,2698,923,771,46.8,22.5,2.26,2.36,0.4,1.7,19.4
2448,2410,2681,915,766,46.8,22.3,2.22,2.31,0.33,2.4,12.8
2446,2405,2678,923,769,46.8,22.3,2.26,2.36,0.32,2.2,18.3
2453,2427,2672,1047,780,47.1,23.9,2.26,2.37,0.37,1.9,13.5
2473,2442,2670,1116,796,44.9,28.6,2.23,2.35,0.43,1.7,14.4
2486,2453,2669,1164,811,43.4,32.2,2.26,2.39,0.44,1.9,18.6
2495,2464,2673,1185,832,41.5,37,2.25,2.37,0.5,2.1,30.6
2507,2475,2674,1213,847,42.5,36.5,2.24,2.38,0.44,1.9,19.2
2502,2467,2667,1197,851,42.8,36.9,2.23,2.38,0.53,1.8,19.5
2497,2466,2669,1174,859,44.1,36.1,2.26,2.39,0.56,0.9,38.3
2480,2447,2665,1118,849,44.1,35.7,2.26,2.42,0.52,2.2,39
2473,2441,2670,1075,841,46.2,31.8,2.29,2.46,0.51,2.3,30.7
2417,2384,2634,964,811,47.5,27.3,2.27,2.39,0.61,2.7,30.5
2408,2370,2627,925,795,48.7,24.2,2.23,2.33,0.46,1.4,25.9
2393,2352,2613,900,784,48.9,22.7,2.21,2.33,0.45,0.9,29.6
2356,2318,2559,873,768,48.6,21,2.22,2.31,0.45,1.5,24
2346,2301,2559,857,767,48.4,20.2,2.19,2.27,0.52,1.1,23.1
2325,2282,2540,851,752,48,20,2.18,2.26,0.46,1.3,24.3
2319,2278,2529,855,751,47.8,19.8,2.18,2.26,0.41,1.5,37.6
2306,2256,2510,842,742,47.1,20.4,2.18,2.28,0.47,0.7,33
2298,2252,2503,850,742,47,19.5,2.14,2.24,0.45,0.5,23.9
2287,2243,2494,857,741,47.2,19.6,2.15,2.25,0.36,1.3,22.4
2268,2220,2464,848,737,46.6,20,2.15,2.23,0.32,2,22.3
2259,2212,2455,846,736,46.6,19.9,2.15,2.22,0.36,2.2,16.3
2228,2177,2416,840,725,46.5,19.9,2.16,2.25,0.53,2,16.6
2233,2184,2420,847,727,46.4,19.5,2.15,2.24,0.32,1.6,16.9
2226,2169,2412,831,725,46.5,19.3,2.19,2.32,0.31,1.9,16.7
2222,2169,2407,840,720,46.4,19.2,2.17,2.27,0.3,1.8,12.1
2244,2193,2405,936,733,46.1,21.4,2.2,2.29,0.44,2,14.8
2254,2201,2398,992,747,45.1,25,2.14,2.2,0.3,1.9,14.4
2286,2224,2389,1078,757,44,27.8,2.15,2.23,0.31,1.8,19.2
2296,2230,2384,1107,783,42.2,33.6,2.13,2.2,0.27,1.6,13.9
2308,2242,2398,1111,784,42.1,33.7,2.15,2.22,0.27,1.6,13.9
2322,2256,2413,1123,800,43.7,34.8,2.2,2.28,0.26,0.7,11.9
2320,2254,2414,1110,799,44.3,33.8,2.26,2.36,0.3,1.2,12.5
2289,2225,2410,1017,791,45.9,30.1,2.25,2.34,0.34,1.6,19.7
2278,2221,2416,962,784,47,27.7,2.24,2.34,0.33,1.5,12
2264,2210,2425,892,762,48.2,23.4,2.2,2.28,0.34,1.6,13.5
2262,2201,2426,879,755,48.5,21.8,2.2,2.27,0.34,1.9,11.5
2260,2201,2427,869,752,48.3,21.1,2.19,2.25,0.37,1.8,18.4
2261,2201,2426,860,738,47.8,20.5,2.2,2.27,0.38,1.2,10.8
2262,2197,2426,857,741,47.5,20.5,2.19,2.34,0.36,1,9.4
2257,2190,2421,850,735,47.1,20.1,2.19,2.4,0.39,0.3,11.8
2255,2191,2419,839,726,46.9,19.9,2.21,2.34,0.42,0.5,20
2249,2182,2415,839,723,46.7,20,2.24,2.34,0.43,0.3,13.8
2250,2176,2413,821,720,46.6,19.4,2.22,2.32,0.43,0.7,14.4
2244,2174,2410,811,710,46.8,18.6,2.24,2.33,0.45,1.4,15.9
2224,2157,2392,788,704,46.8,17.8,2.25,2.35,0.44,1.4,16.2
2219,2147,2383,803,702,46.8,17.6,2.23,2.35,0.45,1.3,14.6
2204,2130,2361,799,697,46.6,17.5,2.24,2.35,0.38,1.4,12.2
2195,2128,2358,803,698,46.5,17.6,2.24,2.47,0.35,1.4,11
2176,2111,2327,829,692,46.1,18.4,2.21,2.35,0.37,1.3,18.4
2185,2118,2322,859,701,46,19.6,2.25,2.42,0.39,1.1,11.4
2200,2121,2287,976,720,44.5,23.8,2.23,2.51,0.33,1.6,9.4
2181,2100,2257,980,720,43.1,27.7,2.23,2.67,0.36,1.5,12.5
2179,2097,2254,979,714,42.8,27.9,2.16,2.26,0.31,0.6,19.2
2188,2100,2236,1027,722,43.2,29.2,2.22,2.3,0.31,0.6,17.1
2192,2101,2229,1054,725,44,29.8,2.19,2.27,0.29,0.3,6.4
2186,2094,2214,1039,727,43.4,30.8,2.16,2.22,0.28,1.1,8.5
2158,2065,2199,980,720,43.6,30.9,2.17,2.23,0.3,0.8,14.6
2128,2037,2205,888,710,45.5,26.5,2.15,2.21,0.28,0.9,14.6
2125,2035,2216,848,701,47.2,22.6,2.16,2.22,0.32,1.3,8.4
2116,2022,2220,816,682,47.7,19.8,2.16,2.23,0.33,1.6,8.6
2121,2024,2221,806,685,47.4,18.9,2.17,2.23,0.35,1.5,11
2118,2019,2222,793,681,47.6,18.4,2.15,2.2,0.33,1.5,14.9
2122,2027,2225,798,672,47,18.1,2.14,2.19,0.34,0.8,9.8
2118,2017,2219,784,671,46.8,18,2.16,2.21,0.37,0.7,6.5
2123,2021,2221,783,663,46.6,17.8,2.15,2.21,0.38,0.9,9.2
2120,2016,2221,781,666,46.4,17.8,2.16,2.23,0.39,0.8,11
2120,2024,2225,777,662,46.3,17.2,2.17,2.25,0.42,1.2,8.8
2121,2019,2224,766,657,46.3,17.2,2.18,2.26,0.39,1.5,9.3
2125,2021,2227,767,655,46,17,2.19,2.28,0.39,1.1,8.6
2129,2029,2229,780,656,46,17.2,2.2,2.29,0.4,0.7,9.2
2132,2026,2233,779,655,45.8,17.5,2.2,2.29,0.41,0.8,9.1
2129,2028,2227,786,656,45.8,17.2,2.23,2.33,0.42,1.5,9.5
2127,2023,2223,800,651,45.8,17.8,2.23,2.34,0.44,1.4,10.5
2161,2064,2218,933,672,45.2,21,2.27,2.37,0.48,1.2,9.7
2199,2095,2220,1021,688,43.4,25.7,2.25,2.36,0.5,0.9,10
2200,2097,2224,1010,694,43,28.9,2.28,2.37,0.51,1.3,8.7
2219,2112,2229,1056,705,43.6,29.7,2.23,2.33,0.55,0.7,7.8
2218,2098,2203,1085,718,43.1,31.3,2.27,2.38,0.58,0.5,9.9
2195,2068,2153,1101,742,43.5,33.1,2.29,2.4,0.58,0.1,9.2
2171,2042,2128,1089,752,43,33.9,2.29,2.4,0.6,1.5,7.8
2158,2032,2142,1001,750,45,30.3,2.3,2.41,0.58,1.2,9.5
2147,2028,2159,954,726,45.6,28.6,2.29,2.4,0.59,1.7,24.3
2136,2023,2179,894,718,47.5,24,2.26,2.36,0.55,2.5,7.5
2140,2021,2182,873,715,47.6,22.7,2.26,2.35,0.54,2.6,7.8
2132,2025,2186,855,709,47.3,21.6,2.22,2.3,0.5,2.7,6.9
2133,2017,2189,848,700,47.1,21.1,2.21,2.28,0.5,3.2,9.5
2131,2017,2187,844,693,47.1,20.6,2.19,2.25,0.46,2.8,6.4
2133,2017,2194,816,688,47,19.7,2.21,2.27,0.48,3.1,10.5
2131,2016,2192,819,685,46.8,19.5,2.21,2.28,0.5,3.1,7
2129,2012,2191,816,683,46.3,19.7,2.25,2.34,0.53,2.6,9.9
2128,2004,2190,796,682,46.2,19.4,2.28,2.38,0.56,2.4,10.6
2121,1998,2192,756,669,46.4,17.3,2.3,2.4,0.55,2.5,10.7
2117,1993,2192,749,666,46.6,16.7,2.33,2.44,0.56,2.5,9.8
2109,1983,2182,737,659,46.5,16.4,2.36,2.48,0.56,2.1,12.8
2110,1983,2188,733,658,46.3,15.6,2.35,2.46,0.56,2.2,11
2109,1982,2180,726,654,46.2,15.4,2.33,2.45,0.57,1.2,10.3
2120,1999,2156,848,671,46.7,17,2.33,2.44,0.62,1.2,10.4
2143,2012,2152,922,681,44.7,21.9,2.31,2.43,0.61,0.6,11.6
2222,2090,2176,1070,711,42.3,30.2,2.33,2.45,0.63,1.2,9.8
2235,2104,2182,1101,725,41,33.5,2.4,2.55,0.59,0.8,9.6
2269,2133,2213,1124,752,40.9,35.3,2.3,2.42,0.57,0.7,10.1
2278,2153,2237,1126,768,41.7,35.6,2.34,2.47,0.54,0.1,12.9
2294,2171,2256,1136,784,43,35.5,2.43,2.56,0.51,0.1,12.5
2334,2214,2288,1163,814,42.1,37.8,2.33,2.43,0.46,0.3,12.8
2334,2219,2304,1144,819,42.2,38,2.23,2.32,0.38,0.5,13.7
2291,2175,2306,1013,810,44.4,34.7,2.21,2.29,0.36,1.1,10.1
2276,2170,2328,942,790,47.6,28.9,2.17,2.25,0.33,2.4,8.5
2258,2159,2346,861,775,49.3,22.5,2.14,2.21,0.33,2.8,7.1
2254,2149,2345,833,765,49.5,20.9,2.12,2.18,0.32,3,9
2240,2134,2338,794,755,48.7,19,2.09,2.14,0.28,2.5,5.4
2231,2126,2334,784,749,48.5,18.2,2.06,2.12,0.21,1.4,8.3
2219,2113,2320,781,740,48.3,18,2.09,2.15,0.26,1.2,6.6
2168,2063,2262,752,735,47.5,17.3,2.11,2.17,0.28,1.6,7.8
2156,2034,2242,748,730,47.5,16.5,2.13,2.2,0.3,2,8.4
2111,1994,2187,733,721,47,16.4,2.13,2.2,0.3,1.8,8.3
2096,1969,2163,720,715,46.8,15.8,2.17,2.25,0.3,2.2,9
2063,1929,2114,720,711,46.6,15.2,2.29,2.41,0.34,1.7,10.1
2033,1903,2084,706,705,46.4,15,2.41,2.57,0.38,1.6,10.5
2016,1883,2060,703,706,46.3,14.9,2.45,2.62,0.42,1.3,13.8
1990,1853,2006,704,704,46,14.5,2.46,2.64,0.44,1.9,12.8
2001,1866,1984,812,708,46.4,15,2.53,2.71,0.46,2.3,12.2
2119,1952,1993,1040,748,43.6,27.5,2.51,2.66,0.46,2.7,12.6
2169,2003,2028,1122,766,41.9,32.4,2.71,2.87,0.47,1.7,13.8
2201,2033,2036,1171,807,39.7,39.4,2.76,2.94,0.47,2.1,13
2206,2031,2034,1176,819,39.9,39.3,2.6,2.76,0.44,1.7,12.5
2165,1999,2004,1118,828,43.4,36.2,2.6,2.76,0.43,1.1,12.6
2174,2002,2001,1138,832,44.7,35.4,2.6,2.78,0.41,0.7,13
2190,2017,2007,1148,842,43.2,36.7,2.54,2.7,0.45,1.8,12.4
2131,1951,1947,1093,839,43.2,37,2.37,2.51,0.47,3.3,16.1
2083,1899,1905,1019,836,44.3,34.3,2.3,2.41,0.45,5.5,18.2
1973,1799,1842,853,797,49,24.7,2.25,2.33,0.41,4,13.3
1949,1775,1822,816,784,49.8,21.9,2.19,2.26,0.36,2.3,12.2
1917,1743,1792,775,771,49.3,19.7,2.14,2.2,0.33,3.5,7.9
1906,1728,1774,764,767,49,18.9,2.11,2.16,0.34,3.5,7.1
1885,1697,1742,733,752,48.2,17.8,2.11,2.16,0.33,3.5,8
1875,1686,1730,733,747,48.1,17.2,2.13,2.16,0.39,3.5,9.2
1870,1678,1713,730,743,47.9,17.2,2.13,2.16,0.42,3.8,8.6
1848,1648,1678,718,734,47.2,16.8,2.14,2.18,0.41,4.3,7.7
1836,1632,1657,713,731,47,16.6,2.16,2.22,0.43,4.4,7.4
1808,1599,1621,687,721,46.7,15.6,2.19,2.27,0.46,4,10.4
1795,1582,1606,669,718,46.5,15.3,2.26,2.36,0.48,3.8,13.5
1778,1558,1571,652,706,46.2,14.3,2.43,2.57,0.52,3.6,15.5
1772,1535,1556,657,706,46.3,13.9,2.49,2.63,0.52,3.3,15
1760,1525,1519,675,707,46.1,14,2.42,2.55,0.53,2.2,16.6
1853,1611,1574,824,721,46.3,15.1,2.48,2.61,0.51,1.4,14.4
1938,1688,1617,952,737,46.6,21.7,2.6,2.7,0.52,1.5,13.5
2064,1820,1730,1114,774,41.2,33.9,2.54,2.66,0.5,1.1,14.1
2121,1885,1808,1148,797,39.9,37.3,2.44,2.56,0.42,1.3,12.2
2194,1979,1932,1147,816,39.9,38.9,2.34,2.44,0.36,0.7,9.7
2221,2013,1988,1144,829,41,38.2,2.4,2.5,0.31,0.1,7.7
2289,2112,2102,1173,848,43.1,37.4,2.37,2.5,0.32,0,10.9
2312,2135,2136,1168,855,41.8,39,2.44,2.59,0.37,0.1,13.9
2334,2162,2177,1165,862,41.9,38.9,2.44,2.56,0.44,1.2,15.6
2320,2155,2224,1038,846,43.9,36.1,2.39,2.49,0.38,2.8,11.9
2310,2160,2270,944,831,46.6,31,2.28,2.35,0.3,3.8,9.3
2312,2170,2333,865,802,49.5,23.4,2.19,2.26,0.27,3.1,10.9
2318,2177,2350,845,800,49.5,22,2.1,2.16,0.22,1.4,5
2332,2192,2388,805,781,48.5,20.1,2.1,2.16,0.23,1.1,11.8
2322,2191,2390,787,773,48.5,18.8,2.11,2.16,0.22,0.8,7.2
2265,2126,2317,784,767,47.7,19.1,2.11,2.16,0.26,1.6,11.3
2243,2104,2289,771,761,47.2,18.8,2.11,2.16,0.28,1.6,12.7
2223,2081,2269,752,752,46.8,17.9,2.13,2.19,0.32,2,18.1
2174,2021,2201,727,749,46.8,16.9,2.16,2.22,0.35,3,23.4
2146,1996,2168,725,742,46.5,16.6,2.15,2.22,0.34,3.1,19.3
2096,1937,2101,704,730,46.2,16.1,2.25,2.33,0.37,2.1,14.6
2082,1922,2083,707,733,46.2,16,2.4,2.5,0.47,1.3,21.8
2036,1880,2013,708,729,46,15.9,2.34,2.44,0.37,1.8,16.7
2020,1859,1981,721,724,45.9,16,2.45,2.58,0.43,1.4,15.2
2040,1874,1965,804,729,45.8,16.8,2.35,2.5,0.38,0.3,15.4
2171,1992,1991,1072,778,42.5,29.9,2.33,2.5,0.32,0.6,9.8
2218,2034,2022,1143,799,41.6,34.8,2.26,2.4,0.29,0.5,10
-200,-200,-200,-200,-200,-200,-200,2.29,2.4,0.29,0.9,8.7
2368,2211,2229,1212,859,39.3,41.5,2.24,2.35,0.3,2.5,11.4
-200,-200,-200,-200,-200,-200,-200,2.28,2.4,0.29,3.4,13.4
2482,2354,2415,1229,891,42.8,40,2.29,2.39,0.3,1.9,14.7
2559,2448,2520,1256,914,40.7,42.8,2.26,2.35,0.29,1.5,12.4
2585,2465,2559,1234,917,40.9,42.8,2.15,2.24,0.31,5.5,14.3
2595,2481,2597,1194,912,42.2,41.1,2.15,2.22,0.28,4.1,10.6
2582,2476,2672,990,879,48.2,31.2,2.07,2.12,0.18,2,6.9
2593,2486,2703,954,874,49.7,27.4,2.06,2.11,0.15,0.9,4.6
2559,2469,2701,919,850,49.4,24.5,2.04,2.09,0.15,1.5,10.3
2542,2438,2673,895,845,48.9,23.9,2.05,2.09,0.17,2,6.7
2485,2382,2621,864,831,48,22.7,2.05,2.09,0.17,3.5,8
2464,2359,2591,868,827,47.9,21.9,2.09,2.13,0.16,5.3,9.2
2415,2307,2530,852,815,47.3,21.9,2.12,2.16,0.21,4.6,11.2
2384,2273,2494,845,807,46.8,21.9,2.14,2.19,0.29,2.5,15.3
2353,2243,2461,816,801,46.5,21.3,2.12,2.18,0.28,3.7,12
2306,2193,2402,807,789,46.7,19.7,2.18,2.25,0.31,3.1,10.4
2282,2164,2373,786,786,46.5,19.7,2.27,2.38,0.37,3.5,13.7
2235,2114,2316,788,775,46.4,18.9,2.41,2.53,0.42,3.1,16.8
2210,2093,2282,783,778,46.2,19.1,2.36,2.46,0.43,2.7,16.1
2179,2058,2213,830,776,46,19.7,2.45,2.59,0.43,3.7,16.6
2192,2072,2203,902,782,45.2,22,2.35,2.59,0.35,4,13.2
2250,2123,2206,1038,804,44.2,25.5,2.25,2.4,0.34,5.5,12.9
